name,price,link
Microsoft Surface Pro Type Cover Keyboard - Black,"11,000",https://www.startech.com.bd/microsoft-surface-pro-black-keyboard
"Avita Magus Celeron N3350 12.2"" FHD Laptop Charcoal Grey","23,500",https://www.startech.com.bd/avita-magus-celeron-laptop
"Avita Magus Celeron N3350 12.2"" FHD Laptop Steel Blue","23,500",https://www.startech.com.bd/avita-magus-celeron-laptop-steel-blue
"Avita Magus Celeron N3350 12.2"" FHD Laptop Pastel Violet","23,500",https://www.startech.com.bd/avita-magus-celeron-laptop-pastel-violet
"Avita Magus Celeron N3350 12.2"" FHD Laptop Seashell Pink","23,500",https://www.startech.com.bd/avita-magus-celeron-laptop-seashell-pink
"AVITA Essential 14 Celeron N4000 14"" Full HD Laptop Matt Black Color","24,900",https://www.startech.com.bd/avita-essential-14-celeron-n4000-laptop-matt-black
"Chuwi HeroBook Pro+ Intel Celeron 128GB SSD 13.3"" 3K Laptop","26,500",https://www.startech.com.bd/chuwi-herobook-pro-plus-128gb-ssd-laptop
"Chuwi HeroBook Pro+ intel Celeron 13.3"" 3K Laptop","28,400",https://www.startech.com.bd/chuwi-herobook-pro-plus-intel-celeron-laptop
"AVITA Essential 14 Celeron N4000 256GB SSD 14"" Full HD Laptop Matt Black Color","28,600",https://www.startech.com.bd/avita-essential-14-celeron-n4000-256gb-ssd-laptop
"AVITA Essential 14 Celeron N4000 256GB SSD 14"" Full HD Laptop Matt White Color","28,600",https://www.startech.com.bd/avita-essential-14-celeron-n4000-256gb-ssd-laptop-matt-white
"Lenovo Ideapad Slim 3 AMD Dual Core 3020e 14"" HD Laptop","31,000",https://www.startech.com.bd/lenovo-ideapad-slim-3-amd-dual-core-laptop
"HP 15s-du1068TU Celeron N4020 15.6"" HD Laptop","33,000",https://www.startech.com.bd/hp-15s-du1068tu-laptop
"Lenovo IdeaPad Slim 3i Celeron N4020 15.6"" HD Laptop","32,500",https://www.startech.com.bd/lenovo-ideapad-slim-3i-celeron-n4020-laptop
HP 15s-du1087TU Intel Celeron N4020 15.6 inch FHD Laptop with Win 10,"34,000",https://www.startech.com.bd/hp-15s-du1087tu-intel-celeron-n4020-laptop
HP 15s-du1086TU Intel Celeron N4020 15.6 inch FHD Laptop with Win 10,"34,000",https://www.startech.com.bd/hp-15s-du1086tu-intel-celeron-n4020-laptop
"Asus Vivobook X515MA Celeron N4020 15.6"" FHD Laptop","35,500",https://www.startech.com.bd/asus-vivobook-x515ma-fhd-laptop
"Asus Vivobook X415MA Celeron N4020 14"" FHD Laptop","35,500",https://www.startech.com.bd/asus-vivobook-x415ma-celeron-n4020-fhd-laptop
HP 15s-du1088TU Intel Pentium N5030 15.6 inch FHD Laptop with Win 10,"37,000",https://www.startech.com.bd/hp-15s-du1088tu-intel-pentium-n5030-laptop
"Avita Pura Ryzen 3 3200U 14"" Full HD Laptop Space Grey Color","37,400",https://www.startech.com.bd/avita-pura-ryzen-3-laptop-space-grey
"HP 15S-GU0008AU AMD Athlon 15.6"" HD Laptop with Windows 10","38,000",https://www.startech.com.bd/hp-15s-gu0008au-hd-laptop
"Dell Inspiron 15-3583 Pentium Gold 5405U 15.6"" HD Laptop","38,500",https://www.startech.com.bd/dell-inspiron-15-3583-pentium-gold-hd-laptop
Acer Aspire 3 A315-23 AMD Athlon Silver 3050U 15.6''HD Laptop,"38,800",https://www.startech.com.bd/acer-aspire-3-a315-23-laptop
Acer Aspire 3 A315-56 Core i3 10th Gen 15.6''FHD Laptop with Windows 10,"42,000",https://www.startech.com.bd/acer-aspire-3-a315-56-core-i3-laptop
"Acer Extensa 15 EX215-52-37YW Core i3 10th Gen 15.6"" FHD Laptop","42,500",https://www.startech.com.bd/acer-extensa-15-ex215-52-37yw-core-i3-laptop
"Acer Extensa 15 EX215-52-384M Core i3 10th Gen 15.6"" FHD Laptop","44,500",https://www.startech.com.bd/acer-extensa-15-ex215-52-384m-core-i3-laptop
"HP 15s-eq1170au Ryzen 3 3250U 15.6"" FHD Laptop","44,500",https://www.startech.com.bd/hp-15s-eq1170au-ryzen-3-laptop
"Lenovo V15 Core i3 10th Gen 15.6"" HD Laptop With Windows 10 Home","46,500",https://www.startech.com.bd/lenovo-v15-core-i3-10th-gen-hd-laptop
"Lenovo IP Slim 3i Core i3 10th Gen 15.6"" Full HD Platinum Grey Laptop","47,500",https://www.startech.com.bd/lenovo-ip-slim-3i-10th-gen-grey-laptop
HP 15s-eq1167AU Ryzen 3 4300U 512 GB SSD 15.6 Inch FHD Laptop with Win 10,"47,800",https://www.startech.com.bd/hp-15s-eq1167au-ryzen-3-4300u-laptop
"ASUS Expert Book P1440FA Core i3 10th Gen 14"" HD Laptop","48,000",https://www.startech.com.bd/asus-expert-book-p1440fa-core-i3-laptop
Asus VivoBook 14 X415JA Core i3 10th Gen 14” FHD Laptop,"48,000",https://www.startech.com.bd/asus-vivobook-14-x415ja-core-i3-10th-gen-laptop
"ASUS VivoBook 15 X515JA Core i3 10th Gen 15.6"" FHD Laptop","48,000",https://www.startech.com.bd/asus-vivobook-15-x515ja-core-i3-10th-gen-laptop
"HP 15s-du1090tu Core i3 10th Gen 15.6"" FHD Laptop","48,000",https://www.startech.com.bd/hp-15s-du1090tu-core-i3-10th-gen-laptop
"Acer Aspire 5 A514-53-34ZY Core i3 10th Gen 14"" HD Laptop","48,000",https://www.startech.com.bd/acer-aspire-5-a514-53-34zy-core-i3-10th-gen-laptop
"Acer Aspire 5 A515-56 Core i3 11th Gen 15.6"" FHD Laptop","49,000",https://www.startech.com.bd/acer-aspire-5-a515-56-core-i3-11th-gen-laptop
"Dell Latitude 15 3510 Core i3 10th Gen 15.6"" HD Laptop","49,000",https://www.startech.com.bd/dell-latitude-3510-core-i3-10th-gen-laptop
"ASUS X512JA Core i3 10th Gen 15.6"" FHD Laptop with Windows 10","49,500",https://www.startech.com.bd/asus-x512ja-core-i3-fhd-laptop
"Dell Vostro 14 3400 Core i3 11th Gen 14"" HD Laptop","49,500",https://www.startech.com.bd/dell-vostro-14-3400-laptop
"Lenovo ThinkPad E14 10th Gen Core i3 1TB HDD 14"" Full HD Laptop","50,000",https://www.startech.com.bd/lenovo-thinkpad-e14-core-i3-10th-gen-1tb-hdd-laptop
"Dell Latitude 3190 2-in-1 Pentium Silver N5030 11.6"" HD Laptop","51,000",https://www.startech.com.bd/dell-latitude-3190-2-in-1-pentium-hd-laptop
"Walton Passion BX5800 Core i5 8th Gen 14"" HD Laptop","51,500",https://www.startech.com.bd/walton-passion-bx5800-core-i5-8th-gen-laptop
"HP 15s-du3023TU Core i3 11th Gen 15.6"" FHD Laptop","52,000",https://www.startech.com.bd/hp-15s-du3023tu-core-i3-11th-gen-laptop
"Walton Passion BP5800 Core i5 8th Gen 15.6"" HD Laptop","52,550",https://www.startech.com.bd/walton-passion-bp5800-core-i5-8th-gen-laptop
"MSI Modern 14 B10MW Core i3 10th Gen 512GB SSD 14"" Full HD Laptop","53,000",https://www.startech.com.bd/msi-modern-14-b10mw-512gb-ssd-laptop
"Acer Extensa 15 EX215-52-58SQ Core i5 10th Gen 15.6"" FHD Laptop","54,500",https://www.startech.com.bd/acer-extensa-15-ex215-52-58sq-core-i5-laptop
"Acer Aspire 5 A514-54 Core i3 11th Gen 14"" FHD Laptop","55,000",https://www.startech.com.bd/acer-aspire-5-a514-54-core-i3-laptop
Acer Aspire 3 A315-56 Core i5 10th Gen 15.6''FHD Laptop with Windows 10,"55,200",https://www.startech.com.bd/acer-aspire-3-a315-56-core-i5-laptop
"HP 14s-dq2095TU Core i3 11th Gen 14"" FHD Laptop","55,500",https://www.startech.com.bd/hp-14s-dq2095tu-core-i3-11th-gen-laptop
"Lenovo Ideapad S145 Core i3 7th Gen 15.6"" FHD Laptop with Windows 10","41,500",https://www.startech.com.bd/lenovo-ideapad-s145-core-i3-7th-gen-laptop
Acer Aspire 3 A315-23 Ryzen 3 3250U 15.6''HD Laptop,"41,800",https://www.startech.com.bd/acer-aspire-3-a315-23-amd-ryzen-3-hd-laptop
"HP 15s-eq1012au Ryzen 3 3250U 15.6"" FHD Laptop","43,500",https://www.startech.com.bd/hp-15s-eq1012au-ryzen-3-laptop
"HP 15s-eq1169AU Ryzen 3 3250U 15.6"" FHD Laptop","45,000",https://www.startech.com.bd/hp-15s-eq1169au-ryzen-3-laptop
Dell Vostro 14-3401 10th Gen Core i3 14” HD Laptop With 3 Years Warranty,"45,000",https://www.startech.com.bd/dell-vostro-14-3401-i3-10th-gen-laptop
"HP 240 G8 Core i3 10th Gen 14"" HD Laptop","45,500",https://www.startech.com.bd/hp-240-g8-core-i3-10th-gen-laptop
"Dell Latitude 3400 Core i3 8th Gen 14.0"" HD Laptop with Finger Print Sensor","46,000",https://www.startech.com.bd/dell-latitude-3400-core-i3-laptop
"Dell Inspiron 15 3501 Core i3 11th Gen 15.6"" FHD Laptop with Windows 10","48,000",https://www.startech.com.bd/dell-inspiron-15-3501-i3-11th-gen-laptop
"Dell Latitude 3410 Core i3 10th Gen 14"" FHD Laptop","49,000",https://www.startech.com.bd/dell-latitude-3410-laptop
Acer Aspire 5 A515-55 Core i3 10th Gen 15.6''FHD Laptop with Windows 10,"49,500",https://www.startech.com.bd/acer-aspire-5-a515-55-core-i3-laptop
"Lenovo IdeaPad S145AMD Ryzen 5 3500U 15.6"" FHD Laptop with Windows 10","49,500",https://www.startech.com.bd/lenovo-ideapad-s145-amd-ryzen-5-3500u-laptop
"Dell Inspiron 15 3501 Core i3 11th Gen 256GB SSD 15.6"" FHD Laptop","50,000",https://www.startech.com.bd/dell-inspiron-15-3501-11th-gen-256gb-ssd-laptop
"Dell Latitude 3510 Core i3 10th Gen 256GB SSD 15.6"" HD Laptop","50,500",https://www.startech.com.bd/dell-latitude-3510-i3-laptop
"Avita Liber V14 Ryzen 5 3500U 14"" FHD Laptop Star Silver","53,990",https://www.startech.com.bd/avita-liber-v14-ryzen-5-laptop
"Avita Liber V14 Ryzen 5 3500U 14"" FHD Laptop Anchor Grey","53,990",https://www.startech.com.bd/avita-liber-v14-ryzen-5-laptop-anchor-grey
"ASUS VivoBook 14 K413EA Core i3 11th Gen 14"" FHD Laptop","55,000",https://www.startech.com.bd/asus-vivobook-14-k413ea-core-i3-11th-gen-laptop
"HP Probook 450 G8 Core i3 11th Gen 15.6"" HD Laptop","57,500",https://www.startech.com.bd/hp-probook-450-g8-laptop
"Lenovo IdeaPad Slim 3 Ryzen 3 3250U 128GB SSD 15.6"" FHD Laptop","46,500",https://www.startech.com.bd/lenovo-ideapad-slim-3-ryzen-3-fhd-laptop
"Lenovo IdeaPad Slim 3 Ryzen 3 3250U 15.6"" FHD Laptop","43,000",https://www.startech.com.bd/lenovo-ideapad-slim-3-ryzen-3-laptop
"Lenovo IdeaPad Slim 3 Ryzen 5 3500U 15.6"" FHD Laptop","55,000",https://www.startech.com.bd/lenovo-ideapad-slim-3-ryzen-5-fhd-laptop
"Lenovo IdeaPad Slim 3 Ryzen 7 3700U 15.6"" FHD Laptop with Windows 10","64,500",https://www.startech.com.bd/lenovo-ideapad-slim-3-ryzen-7-fhd-laptop
"Lenovo IdeaPad Slim 3 Ryzen 7 4700U 15.6"" FHD Laptop",0,https://www.startech.com.bd/lenovo-ideapad-slim-3-ryzen-7-laptop
"HP ProBook 440 G8 Core i3 11th Gen 14"" HD Laptop","57,500",https://www.startech.com.bd/hp-probook-440-g8-core-i3-11th-gen-laptop
"HP Pavilion x360 14-cd0074TU Core i5 8th Gen 14"" HD Touch Laptop","58,000",https://www.startech.com.bd/hp-pavilion-x360-cd0074tu-i5-laptop
"HP Pavilion 15-cs3005TU Core i5 10th Gen 15.6"" Full HD Laptop with Windows 10","59,599",https://www.startech.com.bd/hp-pavilion-15-cs3005tu-core-i5-10-gen-laptop
"Dell Latitude 3410 Core i5 10th Gen 14"" FHD Laptop","60,000",https://www.startech.com.bd/dell-latitude-3410-core-i5-10th-gen-hd-laptop
"Dell Latitude 3510 Core i5 10th 8GB RAM Gen 15.6"" HD Laptop","61,000",https://www.startech.com.bd/dell-latitude-3510-core-i5-laptop
"Dell Latitude 15 3510 Core i5 10th Gen 15.6"" HD Laptop","61,500",https://www.startech.com.bd/dell-latitude-3510-core-i5-10th-gen-laptop
"Dell Vostro 14 3400 Core i5 11th Gen 14"" FHD Laptop","62,500",https://www.startech.com.bd/dell-vostro-14-3400-i5-laptop
Huawei MateBook D15 AMD Ryzen 5 3500U 256GB SSD 15.6-inch FHD Laptop,"63,999",https://www.startech.com.bd/huawei-matebook-d15-laptop
"NEXSTGO SU03 Core i5 8th Gen 14"" Full HD Laptop with Windows 10","59,000",https://www.startech.com.bd/nexstgo-su03-core-i5-laptop
"Dell Inspiron 15 3501 Core i5 11th Gen MX330 2GB Graphics 15.6"" FHD Laptop","63,000",https://www.startech.com.bd/dell-inspiron-15-3501-i5-11th-gen-laptop
"Dell Vostro 15 3500 Core i5 11th Gen 15.6"" FHD Laptop","65,000",https://www.startech.com.bd/dell-vostro-15-3500-i5-laptop
"Dell Latitude 3410 Core i5 10th Gen 14"" HD Laptop","65,000",https://www.startech.com.bd/dell-latitude-14-3410-core-i5-10th-gen-hd-laptop
"Acer Aspire 3 A315-57G Core i5 10th Gen 512GB SSD MX330 2GB Graphics 15.6"" FHD Laptop","63,500",https://www.startech.com.bd/acer-aspire-3-a315-57g-core-i5-10th-gen-512gb-ssd-laptop
"Acer Aspire A514-53 Core i5 10th Gen 14"" Full HD Laptop with Genuine Windows 10","67,000",https://www.startech.com.bd/acer-aspire-a514-53-laptop
"Lenovo ThinkPad E15 Core i5 10th Gen 15.6"" FHD Laptop ","68,000",https://www.startech.com.bd/lenovo-thinkpad-e15-core-i5-10th-gen-laptop
"Lenovo IdeaPad Slim 3i Core i5 10th Gen 256GB SSD MX330 2GB Graphics 15.6"" FHD Laptop","68,500",https://www.startech.com.bd/lenovo-ideapad-slim-3i-core-i5-256gb-ssd-laptop
"Lenovo IdeaPad Slim 3i Core i5 10th Gen 15.6"" FHD Laptop with Windows 10","68,500",https://www.startech.com.bd/lenovo-ideapad-slim-3i-core-i5-laptop
"NEXSTGO SU03 Core i5 8th Gen 256GB SSD 14"" Full HD Laptop with Windows 10","70,000",https://www.startech.com.bd/nexstgo-su03-core-i5-256gb-ssd-laptop
HP Probook 440 G7 Core i5 10th Gen MX130 2GB Graphics 14 Inch FHD Laptop With Windows 10,"70,000",https://www.startech.com.bd/hp-probook-440-g7-i5-mx130-fhd-laptop
"Lenovo ThinkPad E14 Core i5 10th Gen 8GB RAM 14"" FHD Laptop ","70,000",https://www.startech.com.bd/lenovo-thinkpad-e14-core-i5-10th-gen-laptop
"Lenovo ThinkPad E15 Core i5 10th Gen 8GB RAM 15.6"" FHD Laptop ","70,000",https://www.startech.com.bd/lenovo-thinkpad-e15-i5-10th-gen-laptop
HP Probook 450 G8 Core i5 11th Gen 512GB SSD 15.6 inch HD Laptop with Win 10,"70,000",https://www.startech.com.bd/hp-probook-450-g8-i5-512gb-ssd-hd-laptop
"Acer Aspire 5 A515-54G-50WC Core i5 10th Gen MX250 2GB Graphics 15.6"" FHD Laptop","70,500",https://www.startech.com.bd/acer-aspire-5-a515-54g-50wc-core-i5-10th-gen-laptop
"Asus VivoBook 15 X513EA Core i5 11th Gen 15.6"" FHD Laptop","71,000",https://www.startech.com.bd/asus-vivobook-15-x513ea-11th-gen-laptop
"Lenovo ThinkPad E15 Core i5 10th Gen RX640 2GB Graphics 15.6"" FHD Laptop ","72,000",https://www.startech.com.bd/lenovo-thinkpad-e15-core-i5-laptop
"Xiaomi RedmiBook Air 13 Core i5 10th Gen 13.3"" Display Laptop","72,000",https://www.startech.com.bd/xiaomi-redmibook-air-13-core-i5-10th-gen-laptop
"Dell Latitude 5410 Core i5 10th Gen 512GB SSD 14"" FHD Laptop","90,000",https://www.startech.com.bd/dell-latitude-5410-core-i5-512gb-ssd-laptop
"Asus ZenBook 14 UX425JA Core i5 10th Gen 512GB SSD 14"" FHD Laptop with Windows 10","90,000",https://www.startech.com.bd/asus-zenbook-14-ux425ja-i5-laptop
"Asus ZenBook 14 UX425JA Core i5 10th 14"" FHD Laptop with Windows 10","90,000",https://www.startech.com.bd/asus-zenbook-14-ux425ja-i5-10th-gen-laptop
"Dell Latitude 14 5420 Core i5 11th Gen 14"" FHD Laptop","89,000",https://www.startech.com.bd/dell-latitude-5420-core-i5-11th-gen-fhd-laptop
"Avita Liber V14 Core i7 10th Gen 14"" FHD Laptop","90,990",https://www.startech.com.bd/avita-liber-v14-core-i7-laptop
"Avita Liber V14 Core i7 10th Gen 14"" FHD Laptop Champagne Gold","90,990",https://www.startech.com.bd/avita-liber-v14-core-i7-laptop-champagne-gold
"Lenovo IdeaPad Gaming 3i Core i5 10th Gen GTX1650 4GB Graphics 15.6"" FHD Laptop","87,000",https://www.startech.com.bd/lenovo-ideapad-gaming-3i-10th-gen-core-i5-laptop
"Acer Swift 3 SF313-53 Core i5 11th Gen 13.5"" FHD Laptop","93,000",https://www.startech.com.bd/acer-swift-3-sf313-53-core-i5-11th-gen-laptop
"ASUS VivoBook S15 M533IA Ryzen 7 4700U 15.6"" FHD Laptop with Windows 10","93,000",https://www.startech.com.bd/asus-vivobook-s15-m533ia-ryzen-7-fhd-laptop
"Gigabyte Aorus 5 MB Core i5 10th Gen 512GB SSD, GTX 1650Ti Graphics 15.6"" 144Hz FHD Gaming Laptop","90,500",https://www.startech.com.bd/gigabyte-aorus-5-mb-core-i5-fhd-gaming-laptop
"ASUS VivoBook F571LI Core i5 10th Gen 512GB SSD GTX1650Ti 4GB Graphics 15.6"" FHD Gaming Laptop","94,000",https://www.startech.com.bd/asus-vivobook-f571li-core-i5-10th-gen-laptop
Asus TUF FX506LI Core i5 10th Gen 1650Ti 4GB Graphics 15.6” FHD Gaming Laptop,"94,000",https://www.startech.com.bd/asus-tuf-fx506li-10th-gen-laptop
Asus VivoBook S15 S533EA Core i7 11th Gen 15.6” FHD Laptop with Windows 10,"94,000",https://www.startech.com.bd/asus-vivobook-s15-s533ea-core-i7-11th-gen-laptop
"Gigabyte Aorus 5 MB Core i5 10th Gen GTX 1650Ti Graphics 15.6"" 144Hz FHD Gaming Laptop","92,500",https://www.startech.com.bd/gigabyte-aorus-5mb-core-i5-gaming-laptop
Lenovo IdeaPad Slim 5i Core i7 11th Gen 512GB SSD MX450 2GB Graphics 15.6″ FHD Laptop,"95,000",https://www.startech.com.bd/lenovo-ideapad-slim-5i-core-i7-fhd-laptop
"NEXSTGO NX101 Primus Core i5 8th Gen 14"" Full HD Laptop with Windows 10","96,000",https://www.startech.com.bd/nexstgo-nx101-i5-laptop
Asus ZenBook 14 UX425EA Core i5 11th Gen 14” FHD Laptop with Windows 10,"97,000",https://www.startech.com.bd/asus-zenbook-14-ux425ea-core-i5-11th-gen-laptop
"Huawei MateBook 13 Core i5 10th Gen 512GB SSD MX250 2GB Graphics 13"" 2K Touch Laptop","98,000",https://www.startech.com.bd/huawei-matebook-13-i5-10th-gen-uhd-laptop
Asus VivoBook S15 S533EQ Core i7 11th Gen MX350 2GB Graphics 15.6” FHD Laptop,"99,000",https://www.startech.com.bd/asus-vivobook-s15-s533eq-core-i7-11th-gen-laptop
"Acer Nitro 5 AN515-44 AMD Ryzen 5 4600H GTX 1650 Ti 4GB Graphics 15.6"" FHD Gaming Laptop","102,000",https://www.startech.com.bd/acer-nitro-5-an515-44-gaming-laptop
"NEXSTGO NX101 Core i7 8th Gen 14"" Full HD Laptop with Windows 10","102,000",https://www.startech.com.bd/nexstgo-nx101-i7-laptop
"ASUS ZenBook Flip 13 UX363JA Core i5 10th Gen 13.3"" Full HD Laptop with Windows 10","102,000",https://www.startech.com.bd/asus-zenbook-flip-13-ux363ja-laptop
"Asus ZenBook 14 UX425JA Core i7 10th Gen 8GB RAM 14"" FHD Laptop with Windows 10","102,000",https://www.startech.com.bd/asus-zenbook-14-ux425ja-8gb-ram-laptop
"Asus Zenbook Flip 13 UX363EA Core i5 11th Gen 13.3"" FHD Touch Laptop","102,000",https://www.startech.com.bd/asus-zenbook-flip-13-ux363ea-11th-gen-touch-laptop
"Acer Nitro 5 AN515-44 AMD Ryzen 5 4600H 256GB SSD GTX 1650 4GB Graphics 15.6"" FHD Gaming Laptop","102,000",https://www.startech.com.bd/acer-nitro-5-an515-44-256gb-ssd-gaming-laptop
"Acer Swift 3X SF314-510G Core i5 11th Gen 14"" Full HD Laptop","103,000",https://www.startech.com.bd/acer-swift-3x-sf314-510g-core-i5-11th-gen-laptop
"Dell Latitude 14 7420 Core i5 11th Gen 14"" FHD Laptop","103,500",https://www.startech.com.bd/dell-latitude-7420-core-i5-11th-gen-fhd-laptop
"Dell Inspiron 13-7306 2-in-1 Core i5 11th Gen 13.3"" FHD Touch Laptop","104,000",https://www.startech.com.bd/dell-inspiron-13-7306-2-in-1-core-i5-11th-gen-touch-laptop
"MSI Summit B14 A11MOT Core i5 11th Gen 14"" FHD Touch Laptop ","104,000",https://www.startech.com.bd/msi-summit-b14-a11mot-i5-11th-gen-touch-laptop
Asus TUF FX506LU Core i5 10th Gen GTX 1660Ti 6GB Graphics 512GB SSD 15.6” FHD Gaming Laptop,"107,000",https://www.startech.com.bd/asus-tuf-fx506lu-10th-gen-gaming-laptop
"Microsoft Surface Laptop 3 Core i5 10th Gen 8GB RAM 128GB SSD 13.5"" Multi Touch Display","108,000",https://www.startech.com.bd/microsoft-surface-laptop-3-core-i5-multi-touch-display
"Acer Swift 5 SF514-55TA Core i5 11th Gen 14"" FHD Touch Laptop","108,000",https://www.startech.com.bd/acer-swift-5-sf514-55ta-11th-gen-fhd-touch-laptop
"NEXSTGO NX101 Core i7 8th Gen 16GB RAM 14"" Full HD Laptop with Windows 10","110,000",https://www.startech.com.bd/nexstgo-nx101-i7-16gb-ram-laptop
"Xiaomi Mi Game Book Core i7 GTX1060 6GB Graphics 15.6"" FHD Gaming Laptop","104,000",https://www.startech.com.bd/xiaomi-mi-game-book-core-i7-8th-gen-gaming-laptop
"Apple MacBook Air 13.3-Inch Retina Display 8-core Apple M1 chip with 8GB RAM, 256GB SSD (MGN63) Space Gray","110,000",https://www.startech.com.bd/apple-macbook-air-13-3-inch-m1-chip-laptop-256gb-ssd
"Apple MacBook Air 13.3-Inch Retina Display 8-core Apple M1 chip with 8GB RAM, 256GB SSD (MGN93) Silver","110,000",https://www.startech.com.bd/apple-macbook-air-13-3-inch-m1-chip-laptop-256gb-ssd-silver
"Dell Latitude 14 5420 Core i7 11th Gen 14"" FHD Laptop","110,500",https://www.startech.com.bd/dell-latitude-5420-core-i7-11th-gen-fhd-laptop
"Lenovo IdeaPad Flex 5i Core i7 10th Gen MX330 2GB Graphics 14"" FHD Touch Laptop","112,000",https://www.startech.com.bd/lenovo-ideapad-flex-5i-core-i7-touch-laptop
"Asus ZenBook 13 UX325JA Core i7 10th Gen 512GB SSD 13.3"" FHD Laptop with Windows 10","114,000",https://www.startech.com.bd/asus-zenbook-13-ux325ja-i7-laptop
"Asus ZenBook 14 UX425JA Core i7 10th Gen 512GB SSD 14"" FHD Laptop with Windows 10","114,000",https://www.startech.com.bd/asus-zenbook-14-ux425ja-laptop
"HP ENVY x360 Convertible 13-ay0122AU Ryzen 5 4500U 13.3"" FHD Touch Laptop","114,500",https://www.startech.com.bd/hp-envy-x360-convertible-13-ay0122au-touch-laptop
"Lenovo Legion 5 Core i5 10th Gen GTX1650Ti 4GB Graphics 15.6"" FHD Gaming Laptop","115,000",https://www.startech.com.bd/lenovo-legion-5-core-i5-10th-gen-gaming-laptop
"HP Pavilion Gaming 15-ec1103AX Ryzen 7 4800H GTX 1650Ti 4GB Graphics 15.6"" FHD Laptop","115,000",https://www.startech.com.bd/hp-pavilion-gaming-15-ec1103ax-laptop
"Asus ZenBook 14 UX435EAL Core i5 11th Gen 1 TB SSD 14"" FHD Laptop","115,000",https://www.startech.com.bd/asus-zenbook-14-ux435eal-core-i5-11th-gen-laptop
"MSI Prestige 14 A11SCX Core i5 11th Gen 14"" FHD Laptop","116,000",https://www.startech.com.bd/msi-prestige-14-a11scx-core-i5-11th-gen-laptop
"Acer Nitro 7 AN715-51 510A 9th Gen Core i5 (256GB SSD + 1TB HDD) 15.6"" FHD Gaming Laptop","116,800",https://www.startech.com.bd/acer-nitro-7-an715-51-510a-laptop
"ASUS ZenBook Flip 13 UX363JA Core i7 10th Gen 13.3"" Full HD Touch Laptop with Windows 10","117,000",https://www.startech.com.bd/asus-zenbook-flip-13-ux363ja-core-i7-touch-laptop
"Acer Nitro 5 AN515-56 Core i5 11th Gen 512GB SSD, GTX 1650 4GB, 15.6"" FHD 144hz Gaming Laptop","117,000",https://www.startech.com.bd/acer-nitro-5-an515-56-core-i5-fhd-gaming-laptop
"MSI Prestige 14 A11SCX Core i7 11th Gen GTX1650 Max-Q 4GB graphics 14"" UHD Laptop","156,000",https://www.startech.com.bd/msi-prestige-14-a11scx-core-i7-11th-gen-laptop
"ASUS ExpertBook B9 B9450FA Core i7 10th Gen 14"" FHD Laptop with Windows 10","158,000",https://www.startech.com.bd/asus-expertbook-b9450fa-core-i7-10th-gen-laptop
Asus ZenBook Flip S UX371EA Core i7 11th Gen 13.3” 4K Touch Laptop,"158,000",https://www.startech.com.bd/asus-zenbook-flip-s-ux371ea-11th-gen-touch-laptop
"ASUS ZenBook Duo 14 UX482EA 11th Gen Core i7 1TB SSD Gen 14"" FHD Touch Laptop","158,000",https://www.startech.com.bd/asus-zenbook-duo-14-ux482ea-11th-gen-1tb-ssd-touch-laptop
Razer Blade 15 Base Model Core i7 10th Gen 256GB SSD GTX 1660 Ti 6GB Graphics 15.6″ FHD Gaming Laptop,"155,000",https://www.startech.com.bd/razer-blade-15-base-model-core-i7-10th-gen-256gb-ssd-gaming-laptop
"HP Elite Dragonfly G2 Core i5 11th Gen 13.3"" FHD Touch Laptop","160,000",https://www.startech.com.bd/hp-elite-dragonfly-g2-core-i5-touch-laptop
"MSI Summit E14 A11SCS Core i7 11th Gen GTX1650 Ti Max-Q 4GB Graphics 14"" UHD Laptop","161,800",https://www.startech.com.bd/msi-summit-e14-a11scs-core-i7-11th-gen-laptop
"Acer Predator PH315-53 Intel Core i7 10th Gen RTX 2060 6GB Graphics 15.6"" 144Hz FHD Gaming Laptop","162,000",https://www.startech.com.bd/acer-predator-ph315-53-rtx-2060-gaming-laptop
"ASUS ZenBook Duo 14 UX482EG Core i7 11th Gen MX450 2GB Graphics 14"" FHD Touch Laptop","162,000",https://www.startech.com.bd/asus-zenbook-duo-14-ux482eg-i7-11th-gen-touch-laptop
"Lenovo Legion Y740-15IRHg 81UH Core i7 9th Gen RTX2070 8GB Graphics 15.6"" FHD Gaming Laptop","160,000",https://www.startech.com.bd/lenovo-legion-y740-15irhg-81uh-gaming-laptop
Asus ZenBook S UX393EA Core i7 11th Gen 13.9” UHD Touch Laptop,"165,000",https://www.startech.com.bd/asus-zenbook-s-ux393ea-core-i7-11th-gen-touch-laptop
"ASUS ROG Strix G15 G513QM Ryzen 7 5800H RTX3060 6GB Graphics 15.6"" Gaming Laptop","165,000",https://www.startech.com.bd/asus-rog-strix-g15-g513qm-ryzen-7-gaming-laptop
"MSI Summit E15 A11SCST Core i7 11th Gen GTX1650 Ti 4GB Graphics 15.6"" FHD Touch Gaming Laptop","166,000",https://www.startech.com.bd/msi-summit-e15-a11scst-i7-11th-gen-touch-gaming-laptop
"Lenovo Legion 5P Core i7 10th Gen RTX 2060 6GB Graphics 15.6"" FHD Gaming Laptop","167,000",https://www.startech.com.bd/lenovo-legion-5p-core-i7-gaming-laptop
"Dell G5 15-5500 Core i7 10th Gen RTX2070 8GB Graphics 15.6"" FHD Gaming Laptop","169,000",https://www.startech.com.bd/dell-g5-15-5500-10th-gen-gaming-laptop
"Razer Book 13 Core i7 11th Gen 13.4"" FHD Touch Laptop","165,000",https://www.startech.com.bd/razer-book-13-laptop
"Gigabyte AERO 17 SB Core i7 10th Gen GTX 1660Ti Graphics 17.3"" 144Hz FHD Gaming Laptop","173,500",https://www.startech.com.bd/gigabyte-aero-17sb-gaming-laptop
"MSI GP66 Leopard 10UE Core i7 10th Gen RTX 3060 6GB Graphics 15.6"" FHD Gaming Laptop","175,000",https://www.startech.com.bd/msi-gp66-leopard-10ue-i7-10th-gen-gaming-laptop
"Dell G7 15-7500 Core i7 10th Gen RTX 2060 6GB Graphics 15.6"" FHD Gaming Laptop","176,000",https://www.startech.com.bd/dell-g7-15-7500-core-i7-10th-gen-gaming-laptop
"MSI Prestige 15 A11SCS Core i7 11th Gen GTX1650 Ti 4GB Graphics 15.6"" FHD Gaming Laptop","177,000",https://www.startech.com.bd/msi-prestige-a11scs-i7-11th-gen-gaming-laptop
"MSI Summit E15 A11SCS Core i7 11th Gen GTX1650 Ti 4GB Graphics 15.6"" UHD Gaming Laptop","177,000",https://www.startech.com.bd/msi-summit-e15-a11scs-i7-11th-gen-gaming-laptop
Razer Blade 15 Base Model Core i7 10th Gen 512GB SSD RTX 2060 6GB Graphics 15.6″ FHD Gaming Laptop,"175,000",https://www.startech.com.bd/razer-blade-15-base-model-core-i7-10th-gen-gaming-laptop
"Dell Latitude 9410 2-in-1 Core i7 10th Gen 14""FHD Multi-Touch Laptop","182,000",https://www.startech.com.bd/dell-latitude-9410-2-in-1-multi-touch-laptop
"Apple MacBook Pro 13.3-Inch Core i5-2.0GHz, 16GB RAM, 1TB SSD, Touch Bar, Space Gray 2020 (MWP52 / Z0Y600047)","185,000",https://www.startech.com.bd/apple-macbook-pro-i5-16gb-ram-1tb-ssd-space-gray-2020
"Huawei Matebook X Pro Core i7 10th Gen MX250 2GB Graphics 13.9"" 3k Touch Laptop ","185,000",https://www.startech.com.bd/huawei-matebook-x-pro-core-i7-10th-gen-touch-laptop
"Apple MacBook Pro 13.3-Inch Retina Display 8-core Apple M1 chip with 16GB RAM, 512GB SSD Space Gray","185,000",https://www.startech.com.bd/apple-macbook-pro-13-3-laptop
"Lenovo YOGA 9i Core i7 11th Gen 14"" UHD Touch Laptop","185,000",https://www.startech.com.bd/lenovo-yoga-9i-core-i7-11th-gen-touch-laptop
"Acer Predator PH315-53 Intel Core i7 10th Gen RTX 3060 6GB Graphics 15.6"" 144Hz FHD Gaming Laptop","193,000",https://www.startech.com.bd/acer-predator-ph315-53-core-i7-256gb-ssd-gaming-laptop
Razer Blade 15 Base Model Core i7 10th Gen 512GB SSD RTX 3060 6GB Graphics 15.6″ FHD Gaming Laptop,"195,000",https://www.startech.com.bd/razer-blade-15-base-model-rtx-3060-i7-10th-gen-gaming-laptop
Lenovo Yoga 9 14ITL5 Core i7 11th Gen 14” Full HD Touch Laptop,"199,000",https://www.startech.com.bd/lenovo-yoga-9-14itl5-core-i7-11th-gen-touch-laptop
Razer Blade 15 Base Model Core i7 10th Gen 512GB SSD RTX 2070 8GB MAX-Q Graphics 15.6″ FHD Gaming Laptop,"194,000",https://www.startech.com.bd/razer-blade-15-base-model-core-i7-rtx-2070-max-q-gaming-laptop
Lenovo Legion 5 Ryzen 7 5800H 1TB SSD RTX 3060 6GB Graphics 15.6″ FHD 165Hz Gaming Laptop,"190,000",https://www.startech.com.bd/lenovo-legion-5-ryzen-7-6gb-graphics-fhd-gaming-laptop
"Gigabyte AERO 15KB Core i7 10th Gen RTX 2060 Graphics 15.6"" OLED UHD Gaming Laptop","203,000",https://www.startech.com.bd/gigabyte-aero-15kb-gaming-laptop
"HP Elite Dragonfly G2 Core i7 11th Gen 13.3"" FHD Touch Laptop","205,000",https://www.startech.com.bd/hp-elite-dragonfly-g2-core-i7-touch-laptop
"Gigabyte AERO 15 OLED KC Core i7 10th Gen RTX 3060P 6GB Graphics 15.6"" UHD Gaming Laptop","206,000",https://www.startech.com.bd/gigabyte-aero-15-oled-kc-core-i7-gaming-laptop
"Dell Latitude 9510 2-in-1 Core i7 10th Gen 15.6"" FHD Touch Laptop with Windows 10 Pro","209,000",https://www.startech.com.bd/dell-latitude-9510-laptop
Lenovo Yoga S940 Core i7 10th Gen 14 Inch UHD Laptop with Genuine Windows 10,"210,000",https://www.startech.com.bd/lenovo-yoga-s940-laptop
Razer Blade 15 Base Model Core i7 10th Gen RTX 3070 8GB Graphics 15.6″ FHD Gaming Laptop,"225,000",https://www.startech.com.bd/razer-blade-15-base-model-rtx-3070-i7-10th-gen-gaming-laptop
"Gigabyte Aorus 15G XC Core i7 10th Gen RTX 3070Q 8GB Graphics 15.6"" 240Hz FHD Gaming Laptop","233,000",https://www.startech.com.bd/gigabyte-aorus-15g-xc-core-i7-gaming-laptop
Logitech Smart Dock (Used with Microsoft Surface Pro),"69,500",https://www.startech.com.bd/logitech-smartdock-conference-console
"Dell XPS 13 9310 2-in-1 Core i7 11th Gen 13.4"" QHD Touch Laptop","235,000",https://www.startech.com.bd/dell-xps-13-9310-i7-11th-gen-fhd-laptop
"Dell XPS 13 9310 Core i7 11th Gen 13.3"" 4K UHD Touch Laptop","240,000",https://www.startech.com.bd/dell-xps-13-9310-laptop
"Acer Predator PH315-53 Intel Core i7 10th Gen RTX 3070 8GB Graphics 15.6"" 300Hz FHD Gaming Laptop","242,000",https://www.startech.com.bd/acer-predator-ph315-53-rtx-3070-gaming-laptop
"Apple Macbook Pro 2019 16-inch Retina Display with Touch Bar Core i9-2.3GHz 16GB Ram 1TB SSD Radeon Pro 4GB Graphics, Gray (MVVK2)","250,000",https://www.startech.com.bd/apple-macbook-pro-mvvk2-2019
"Dell XPS 17 9700 Core i7 10th Gen 17"" FHD Laptop","235,000",https://www.startech.com.bd/dell-xps-17-9700-core-i7-10th-gen-laptop
Asus ROG Zephyrus M15 GU502LW Core i7 10th Gen RTX2070 8GB Graphics 15.6” 4K UHD Gaming Laptop,"257,000",https://www.startech.com.bd/asus-rog-zephyrus-m15-gu502lw-gaming-laptop
"Dell XPS 17 9700 Core i7 10th Gen RTX 2060 6GB Graphics 17"" FHD Laptop","250,000",https://www.startech.com.bd/dell-xps-17-9700-core-i7-laptop
Lenovo ThinkPad X1 Titanium Yoga Gen 1 Core i7 11th Gen 13.5″ 2K QHD Laptop,"285,000",https://www.startech.com.bd/lenovo-thinkpad-x1-titanium-yoga-gen-1-laptop
"Acer Nitro 5 AN515-55 Core i5 10th Gen RTX 2060 6GB Graphics 15.6"" FHD Laptop","118,000",https://www.startech.com.bd/acer-nitro-5-an515-55-i5-10th-gen-laptop
"Acer Nitro 5 AN515-56 Core i5 11th Gen 256GB SSD, GTX 1650 4GB, 15.6"" FHD 144hz Gaming Laptop","119,000",https://www.startech.com.bd/acer-nitro-5-an515-56-core-i5-256gb-ssd-fhd-gaming-laptop
"Acer Predator PH315-53 Intel i5 10th Gen GTX 1650Ti 4GB Graphics 15.6"" 144Hz FHD Gaming Laptop","120,000",https://www.startech.com.bd/acer-predator-ph315-53-gtx-1650ti-gaming-laptop
Asus ZenBook 13 UX325EA Core i7 11th Gen 13.3” FHD Laptop with Windows 10,"120,000",https://www.startech.com.bd/asus-zenbook-13-ux325ea-11th-gen-fhd-laptop
"Acer Swift 3X SF314-510G Core i7 11th Gen 14"" Full HD Laptop","120,000",https://www.startech.com.bd/acer-swift-3x-sf314-510g-core-i7-11th-gen-laptop
Asus ZenBook 14 UX425EA Core i7 11th Gen 14” FHD Laptop with Windows 10,"120,000",https://www.startech.com.bd/asus-zenbook-14-ux425ea-core-i7-11th-gen-laptop
"Lenovo IdeaPad Flex 5i Core i7 11th Gen MX450 2GB Graphics 14"" FHD Touch Laptop with Windows 10","120,000",https://www.startech.com.bd/lenovo-ideapad-flex-5i-core-i5-11th-gen-2gb-graphics-touch-laptop
"Apple MacBook Air 13.3-Inch 10th Gen Core i5-1.1GHz, 8GB RAM, 512GB SSD (MVH22) Space Gray 2020","124,000",https://www.startech.com.bd/apple-macbook-air-core-i5-2020
"Dell Latitude 7410 Core i7 10th Gen 14"" FHD Laptop with Free DOS","125,000",https://www.startech.com.bd/dell-latitude-7410-core-i7-laptop
"Asus ZenBook Duo UX481FA Core i7 10th Gen 512GB SSD 14"" Dual Display Laptop","126,000",https://www.startech.com.bd/asus-zenbook-duo-ux481fa-i7-dual-display-laptop
"Gigabyte Aorus 5 KB Core i5 10th Gen RTX 2060 Graphics 15.6"" 144Hz FHD Gaming Laptop","126,000",https://www.startech.com.bd/gigabyte-aorus-5-kb-core-i5-gaming-laptop
"Acer Predator Helios 300 PH315-53-5462 Core i5 10th Gen RTX2060 Graphics 512GB SSD 15.6"" FHD Gaming Laptop ","122,000",https://www.startech.com.bd/acer-predator-helios-300-core-i5-10th-gen-gaming-laptop
"Acer Nitro 5 AN515-44 AMD Ryzen 7 4800H GTX 1650Ti 4GB Graphics 15.6"" 144Hz FHD Gaming Laptop","128,000",https://www.startech.com.bd/acer-nitro-5-an515-44-gtx-1650ti-gaming-laptop
"Gigabyte Aorus 5 MB Core i7 10th Gen GTX 1650Ti Graphics 15.6"" 144Hz FHD Gaming Laptop","126,500",https://www.startech.com.bd/gigabyte-aorus-5mb-gaming-laptop
"Apple MacBook Air 13.3-Inch Retina Display 8-core Apple M1 chip with 8GB RAM, 512GB SSD (MGN73) Space Gray","128,000",https://www.startech.com.bd/apple-macbook-air-13-3-inch-m1-chip-laptop
"ASUS ZenBook Duo 14 UX482EA Core i5 11th Gen 14"" FHD Touch Laptop","128,000",https://www.startech.com.bd/asus-zenbook-duo-14-ux482ea-i5-11th-gen-touch-laptop
"Apple MacBook Pro 13.3-Inch Core i5-1.4GHz , 8GB RAM, 256GB SSD With Touch Bar (MXK32) Space Gray 2020","130,500",https://www.startech.com.bd/apple-macbook-pro-core-i5-space-gray-2020
"Dell Latitude 7310 Core i7 10th Gen 13.3"" FHD Laptop","130,500",https://www.startech.com.bd/dell-latitude-7310-core-i7-10th-gen-fhd-laptop
"MSI GP65 Leopard 10SEK Core i7 10th Gen RTX 2060 6GB Graphics 15.6"" FHD Gaming Laptop","130,000",https://www.startech.com.bd/msi-gp65-leopard-10sek-core-i7-gaming-laptop
"Acer Nitro 5 AN515-55 Core i7 10th Gen 256GB SSD GTX 1650 Ti 6GB Graphics, 15.6"" FHD 144hz Gaming Laptop","132,000",https://www.startech.com.bd/acer-nitro-5-an515-55-core-i7-256gb-ssd-gaming-laptop
"HP Envy 13-ba1023tx Core i7 11th Gen MX450 2GB Graphics 13.3"" FHD Touch Laptop","134,000",https://www.startech.com.bd/hp-envy-13-ba1023tx-11th-gen-touch-laptop
"Asus ZenBook 14 UX435EAL Core i7 11th Gen 1 TB SSD 14"" FHD Laptop","134,000",https://www.startech.com.bd/asus-zenbook-14-ux435eal-core-i7-11th-gen-laptop
"Acer Swift 5 SF514-55TA Core i7 11th Gen 1TB SSD 14"" FHD Touch Laptop","135,000",https://www.startech.com.bd/acer-swift-5-sf514-55ta-core-i7-11th-gen-fhd-touch-laptop
"Acer Nitro 5 AN515-56 Core i7 11th Gen 256GB SSD, GTX 1650 4GB, 15.6"" FHD 144hz Gaming Laptop","135,000",https://www.startech.com.bd/acer-nitro-5-an515-56-core-i7-256gb-ssd-fhd-gaming-laptop
"Asus TUF Dash F15 FX516PM Core i5 11th Gen RTX3060 6GB Graphics 15.6"" FHD Gaming Laptop","136,000",https://www.startech.com.bd/asus-tuf-dash-f15-fx516pm-core-i5-11th-gen-gaming-laptop
"Apple MacBook Pro 13.3-Inch Retina Display 8-core Apple M1 chip with 8GB RAM, 256GB SSD (MYD82) Space Gray","138,000",https://www.startech.com.bd/apple-macbook-pro-13-3-inch-8-core-m1-chip-256gb-ssd-laptop
"Apple MacBook Pro 13.3-Inch Retina Display 8-core Apple M1 chip with 8GB RAM, 256GB SSD (MYDA2) Silver","138,000",https://www.startech.com.bd/apple-macbook-pro-133-inch
"Dell Latitude 7310 Core i7 10th Gen 13.3"" FHD Laptop with Windows 10 Pro","140,000",https://www.startech.com.bd/dell-latitude-7310-core-i7-fhd-laptop
"Gigabyte Aorus 5 SB Core i7 10th Gen GTX 1660Ti Graphics 15.6"" 144Hz FHD Gaming Laptop","141,000",https://www.startech.com.bd/gigabyte-aorus-5-sb-core-i7-gaming-laptop
"Acer Nitro 7 AN715-51-71Y6 Core i7 9th Gen GTX 1660 Ti Graphics 15.6"" FHD Gaming Laptop with Windows 10","142,000",https://www.startech.com.bd/acer-nitro-7-an715-51-71y6-core-i7-laptop
"MSI GF65 THIN 10UE Core i5 10th Gen RTX 3060 MAX-Q 6GB Graphics 15.6"" FHD Gaming Laptop","143,500",https://www.startech.com.bd/msi-gf65-thin-10ue-i5-10th-gen-gaming-laptop
HP OMEN 15-ek0100TX Core i7 10th Gen GTX 1660Ti 6GB Graphics 15.6''FHD Gaming Laptop,"142,000",https://www.startech.com.bd/hp-omen-15-ek0100tx-core-i7-10th-gen-laptop
"Microsoft Surface Laptop 3 AMD Ryzen 5-3580U 8GB RAM 256GB SSD 15"" Touch Screen Display","145,000",https://www.startech.com.bd/microsoft-surface-laptop-3-ryzen-5-touch-display
"Gigabyte Aorus 5 KB Core i7 10th Gen RTX 2060 Graphics 15.6"" 144Hz FHD Gaming Laptop","147,000",https://www.startech.com.bd/gigabyte-aorus-5kb-gaming-laptop
"Acer Predator Helios 300 Core i7 10th Gen RTX 2060 6GB Graphics 15.6"" FHD 144Hz Gaming Laptop","147,000",https://www.startech.com.bd/acer-predator-helios-300-core-i7-10th-gen-gaming-laptop
"Asus ROG Flow X13 GV301QH Ryzen 7 5800H GTX1650 MAXQ 4GB Graphics 13.4"" FHD Touch Gaming Laptop","148,000",https://www.startech.com.bd/asus-rog-flow-x13-gv301qh-ryzen-7-touch-gaming-laptop
"MSI Stealth 15M A11SDK Core i7 11th Gen GTX 1660 Ti 6GB Graphics 15.6"" FHD Gaming Laptop","150,000",https://www.startech.com.bd/asi-stealth-15m-a11sdk-core-i7-11th-gen-gaming-laptop
"Apple MacBook Pro 13.3-Inch Retina Display 8-core Apple M1 chip with 8GB RAM, 512GB SSD (MYD92) Space Gray","152,000",https://www.startech.com.bd/apple-macbook-pro-13-3-inch-8-core-m1-chip-laptop
"ASUS ZenBook Duo 14 UX482EA Core i7 11th Gen 14"" FHD Touch Laptop","152,000",https://www.startech.com.bd/asus-zenbook-duo-14-ux482ea-i7-11th-gen-touch-laptop
"Asus TUF Dash F15 FX516PM Core i7 11th Gen RTX3060 6GB Graphics 15.6"" FHD Gaming Laptop","152,000",https://www.startech.com.bd/asus-tuf-dash-f15-fx516pm-core-i7-11th-gen-gaming-laptop
"MSI GF65 THIN 10UE Core i7 10th Gen RTX 3060 MAX-Q 6GB Graphics 15.6"" FHD Gaming Laptop","153,000",https://www.startech.com.bd/msi-gf65-thin-10ue-i7-10th-gen-gaming-laptop
"MSI GF75 Thin 10UE Core i7 10th Gen RTX3060 6GB Graphics 15.6"" FHD 144Hz Gaming Laptop","153,000",https://www.startech.com.bd/msi-gf75-thin-10ue-gaming-laptop
"Gigabyte Aorus 7 KB Core i7 10th Gen RTX 2060 Graphics 17.3"" 144Hz FHD Gaming Laptop","155,000",https://www.startech.com.bd/gigabyte-aorus-7kb-gaming-laptop
"MSI Stealth 15M A11SEK Core i7 11th Gen RTX 2060 Max-Q 6GB Graphics 15.6"" FHD Gaming Laptop","155,000",https://www.startech.com.bd/msi-stealth-15m-a11sek-core-i7-11th-gen-gaming-laptop
"MSI GF75 Thin 10UEK Core i7 10th Gen RTX3060 6GB Graphics 17.3"" FHD 144Hz Gaming Laptop","155,000",https://www.startech.com.bd/msi-gf75-thin-10uek-gaming-laptop
"Microsoft Surface Book 3 Core i5 10th Gen 13.5"" multi-touch (V6F-00001) Platinum 2 in 1 Notebook","155,000",https://www.startech.com.bd/microsoft-surface-book-3-core-i5-10th-gen-multi-touch-notebook
"Dell Latitude 14 7420 Core i7 11th Gen 14"" FHD Touch Laptop","155,500",https://www.startech.com.bd/dell-latitude-7420-core-i7-11th-gen-fhd-touch-laptop
"Apple Macbook Pro 13"" M1 Processor, 8GB Ram, 512GB SSD (MYDC2) Silver","156,000",https://www.startech.com.bd/apple-macbook-pro-13-m1-processor
"AVITA LIBER NS13A2 Core i5 8th Gen 13.3"" Full HD Purple Laptop with Windows 10","56,000",https://www.startech.com.bd/avita-liber-ns13a2-i5-purple-laptop
"Lenovo ThinkPad E14 Core i3 10th Gen 14"" FHD Laptop ","56,000",https://www.startech.com.bd/lenovo-thinkpad-e14-core-i3-laptop
"HP 15s-du1081tu Core i3 10th Gen 15.6"" FHD Laptop","56,000",https://www.startech.com.bd/hp-15s-du1081tu-core-i3-10th-gen-laptop
"Acer Extensa EX215-52 Core i5 10th Gen 8GB RAM 1TB HDD 15.6"" Full HD Laptop with Genuine Windows 10","57,500",https://www.startech.com.bd/acer-extensa-ex215-52-core-i5-laptop
"Avita Liber 14 Core i5 10th Gen 14"" FHD Laptop Avita Purple","57,500",https://www.startech.com.bd/avita-liber-14-10th-gen-laptop
"Avita Liber 14 Core i5 10th Gen 14"" FHD Laptop Champagne Gold","57,500",https://www.startech.com.bd/avita-liber-14-10th-gen-laptop-champagne-gold
"Avita Liber 14 Core i5 10th Gen 14"" FHD Laptop Himalayan Blue","57,500",https://www.startech.com.bd/avita-liber-14-10th-gen-laptop-himalayan-blue
"Avita Liber 14 Core i5 10th Gen 14"" FHD Laptop Cloud Silver","57,500",https://www.startech.com.bd/avita-liber-14-10th-gen-laptop-cloud-silver
Lenovo IdeaPad Slim 5i Core i3 11th Gen 15.6″ FHD Laptop,"57,500",https://www.startech.com.bd/lenovo-ideapad-slim-5i-core-i3-11th-gen-fhd-laptop
"Avita Liber V14 Core i5 10th Gen 14"" FHD Laptop Golden Matt Black","58,990",https://www.startech.com.bd/avita-liber-v14-core-i5-10th-gen-laptop
"Avita Liber V14 Core i5 10th Gen 14"" FHD Laptop Matt Black","58,990",https://www.startech.com.bd/avita-liber-v14-core-i5-10th-gen-laptop-matt-black
Microsoft Surface Pro 7 10th Gen Core i5 8GB Ram 128GB SSD Touch Display Notebook with Win 10,"99,000",https://www.startech.com.bd/microsoft-surface-pro-7-10th-gen-core-i5-128gb-ssd-notebook
"Avita Liber V14 Core i5 10th Gen 14"" FHD Laptop Cloud Silver","58,990",https://www.startech.com.bd/avita-liber-v14-core-i5-10th-gen-laptop-cloud-silver
"Lenovo IdeaPad Slim 3i 10th Gen Core i5 14"" FHD Laptop with Windows 10","59,000",https://www.startech.com.bd/lenovo-ideapad-slim-3i-10th-gen-core-i5-14-inch-laptop
Microsoft Surface Pro 7 10th Gen Core i5 8GB RAM 256GB SSD Touch Display Black Notebook,"120,000",https://www.startech.com.bd/microsoft-surface-pro-7-core-i5-notebook
"HP 15s-du1095tu Core i5 10th Gen 15.6"" FHD Laptop","59,000",https://www.startech.com.bd/hp-15s-du1095tu-core-i5-10th-gen-laptop
"Walton Passion BP7800 Core i7 8th Gen 15.6"" HD Laptop","59,500",https://www.startech.com.bd/walton-passion-bp7800-core-i7-8th-gen-laptop
"Walton Tamarind EX510G Core i5 10th Gen 14"" FHD Laptop","59,990",https://www.startech.com.bd/walton-tamarind-ex510g-core-i5-10th-gen-laptop
"Acer Spin 3 SP314-21N Athlon Silver 3050U 14"" FHD Touch Laptop","60,000",https://www.startech.com.bd/acer-sp314-21n-athlon-touch-laptop
"Lenovo V14 Core i5 10th Gen 14"" HD Laptop","60,000",https://www.startech.com.bd/lenovo-v14-core-i5-10th-gen-laptop
"Lenovo V14-IIL Core i5 10th Gen 14"" FHD Laptop","60,000",https://www.startech.com.bd/lenovo-v14-iil-core-i5-10th-gen-laptop
"Microsoft Surface Pro X SQ 2, 16GB RAM, 512GB SSD 13"" Multi-Touch Platinum Notebook","177,000",https://www.startech.com.bd/microsoft-surface-pro-x-sq-2-notebook
HP 15s-du1096tu Core i5 10th Gen 15.6'' FHD Laptop,"61,000",https://www.startech.com.bd/hp-15s-du1096tu-core-i5-10th-gen-laptop
"Microsoft Surface Pro 7 Core i7 10th Gen 16GB Ram 512GB SSD 12.3"" Multi-Touch Display","182,000",https://www.startech.com.bd/microsoft-surface-pro-7-512gb-ssd-laptop
Asus VivoBook 14 X415JA Core i5 10th Gen 14” FHD Laptop,"61,000",https://www.startech.com.bd/asus-vivobook-14-x415ja-core-i5-10th-gen-laptop
HP Probook 450 G7 Core i5 10th Gen 15.6 Inch HD Laptop,"66,000",https://www.startech.com.bd/hp-probook-450-g7-core-i5-laptop
"Lenovo IdeaPad Slim 3i Core i5  MX330 2GB Graphics 15.6"" FHD Laptop","63,500",https://www.startech.com.bd/lenovo-ideapad-slim-3i-core-i5-mx330-fhd-laptop
"Acer Aspire 3 A315-57G Core i5 10th Gen MX330 2GB Graphics 15.6"" FHD Laptop","63,500",https://www.startech.com.bd/acer-aspire-3-a315-57g-core-i5-10th-gen-laptop
"HP 15s-du3024TU Core i5 11th Gen 15.6"" FHD Laptop","65,000",https://www.startech.com.bd/hp-15s-du3024tu-core-i5-11th-gen-laptop
HP Probook 440 G7 Core i5 10th Gen 4GB RAM 14.0 Inch HD Laptop,"65,000",https://www.startech.com.bd/hp-probook-440-g7-i5-4gb-ram-laptop
"Lenovo IdeaPad Slim 3i 11th Gen Core i5 15.6"" FHD Laptop","65,500",https://www.startech.com.bd/lenovo-ideapad-slim-3i-11th-gen-core-i5-laptop
"Lenovo ThinkPad E14 Core i5 10th Gen 4GB RAM 14"" FHD Laptop ","66,000",https://www.startech.com.bd/lenovo-thinkpad-e14-core-i5-10th-gen-4gb-ram-laptop
"Lenovo ThinkPad E14 10th Gen Core i5 1TB HDD 14"" FHD Laptop","68,000",https://www.startech.com.bd/lenovo-thinkpad-e14-10th-gen-core-i5-1tb-hdd-laptop
"HP Pavilion 14-dv0067TU Core i3 11th Gen 14"" FHD Laptop","66,000",https://www.startech.com.bd/hp-pavilion-14-dv0067tu-core-i3-11th-gen-laptop
Microsoft Surface Go 2 Pentium Gold 8GB RAM 128GB SSD 10.5” Touch Laptop (STQ-00001),"64,000",https://www.startech.com.bd/microsoft-surface-go-2-laptop
HP Probook 440 G7 Core i5 10th Gen 8GB RAM 14.0 Inch FHD Laptop With Windows 10,"67,500",https://www.startech.com.bd/hp-probook-440-g7-i5-fhd-laptop
"Acer Aspire A515-45 AMD Ryzen 5 5500U 15.6"" Full HD Laptop","66,000",https://www.startech.com.bd/acer-aspire-a515-45-ryzen-5-laptop
"ASUS VivoBook S15 M533IA AMD Ryzen 5 4500U 15.6"" FHD Laptop with Windows 10","68,000",https://www.startech.com.bd/asus-vivobook-s15-m533ia-ryzen-5-fhd-laptop
"Lenovo ThinkPad E14 Core i5 10th Gen 14"" FHD Laptop ","68,000",https://www.startech.com.bd/lenovo-thinkpad-e14-core-i5-laptop
Acer Aspire 5 A515-55 Core i5 10th Gen 15.6''FHD Laptop with Windows 10,"68,300",https://www.startech.com.bd/acer-aspire-5-a515-55-core-i5-laptop
"Dell Latitude 5410 Core i5 10th Gen 14"" HD Laptop","69,500",https://www.startech.com.bd/dell-latitude-5410-core-i5-10th-gen-laptop
"Acer Aspire 5 A515-56 Core i5 11th Gen 15.6"" FHD Laptop","70,000",https://www.startech.com.bd/acer-aspire-5-a515-56-core-i5-11th-gen-laptop
"Acer Aspire 5 A514-54 Core i5 11th Gen 14"" FHD Laptop","71,000",https://www.startech.com.bd/acer-aspire-5-a514-54-i5-11th-gen-laptop
"Acer Spin 3 SP314-21N Ryzen 3 3250U 14"" FHD Touch Laptop","71,000",https://www.startech.com.bd/acer-sp314-21n-ryzen-3-touch-laptop
"Lenovo IdeaPad 3 Core i5 10th Gen 14"" FHD Laptop","64,500",https://www.startech.com.bd/lenovo-ideapad-3-14-inch-laptop
"Asus X515JP Core i5 10th Gen MX330 2GB Graphics 15.6"" FHD Laptop","71,500",https://www.startech.com.bd/asus-x515jp-core-i5-10th-gen-fhd-laptop
Xiaomi Redmi Book 14 Ryzen 5 4500U 8GB RAM 14” FHD Laptop,"72,000",https://www.startech.com.bd/xiaomi-redmi-book-14-ryzen-5-laptop
Xiaomi Redmi Book 13 Ryzen 5 4500U 13.3” FHD Laptop with Windows 10,"69,000",https://www.startech.com.bd/xiaomi-redmi-book-13-laptop
"Acer Nitro 5 AN515-55-52Z1, Core i5 10th Gen, 8GB Ram, 512GB SSD, GTX 1650 Ti 4GB, 15.6"" FHD 144hz Gaming Laptop","103,000",https://www.startech.com.bd/acer-nitro-5-an515-55-52z1-core-i5-fhd-gaming-laptop
"Dell Vostro 14 5402 Core i7 11th Gen MX330 2GB Graphics 14"" FHD Laptop","103,000",https://www.startech.com.bd/dell-vostro-14-5402-core-i7-laptop
"Apple Macbook Air 13.3 inch Core i5, 8GB Ram, 128GB SSD (MVFH2) Space Gray (2019)","105,000",https://www.startech.com.bd/apple-macbook-air-mvfh2-2019
"Acer Nitro 5 AN515-54 79WR Core i7 9th Gen ( 256GB SSD + 1TB HDD) GTX 1650 15.6"" Full HD Gaming Laptop With Genuine Windows 10","108,200",https://www.startech.com.bd/acer-nitro-5-an515-54-79wr-gaming-laptop
"MSI Evolve GF63 Thin 10SCSR Core i7 10th Gen GTX 1650Ti 4GB Graphics 15.6"" 144Hz  FHD Gaming Laptop","110,000",https://www.startech.com.bd/msi-evolve-gf63-thin-10scsr-core-i7-gaming-laptop
"Apple MacBook Air 13.3-Inch Retina Display 8-core Apple M1 chip with 8GB RAM, 256GB SSD (MGND3) Gold","110,000",https://www.startech.com.bd/apple-macbook-air-13-3-inch-m1-chip-laptop-256gb-ssd-gold
"HP Gaming Pavilion 15-cx0111tx Core i7 8th Gen GTX 1060 3GB Graphics 15.6"" Full HD Laptop With Genuine Win 10","113,000",https://www.startech.com.bd/hp-gaming-pavilion-cx0111tx-i7-laptop
"ASUS TUF A15 FA506IU Ryzen 7 4800H GTX 1660 Ti Graphics 144Hz 15.6"" FHD Gaming Laptop with Windows 10","115,000",https://www.startech.com.bd/asus-tuf-a15-ryzen-7-4800h-gaming-laptop
"Lenovo Legion 5 15ARH05 Ryzen 7 4800H GTX1650Ti 4GB Graphics 15.6"" FHD Gaming Laptop","123,500",https://www.startech.com.bd/lenovo-legion-5-15arh05-fhd-gaming-laptop
"Lenovo Legion 5 Ryzen 5 4600H GTX1650 4GB Graphics 15.6"" FHD Gaming Laptop","103,000",https://www.startech.com.bd/lenovo-legion-5-ryzen-5-gaming-laptop
"Lenovo Legion 5 Ryzen 5 4600H GTX1650Ti 4GB Graphics 15.6"" FHD Gaming Laptop","109,000",https://www.startech.com.bd/lenovo-legion-5-ryzen-5-fhd-gaming-laptop
"Lenovo Legion 5 Ryzen 7 4800H GTX1650 4GB Graphics 15.6"" FHD Gaming Laptop","118,000",https://www.startech.com.bd/lenovo-legion-5-ryzen-7-gaming-laptop
"Lenovo Legion 5 Ryzen 7 4800H RTX2060 6GB Graphics 15.6"" FHD Gaming Laptop",0,https://www.startech.com.bd/lenovo-legion-5-ryzen-7-fhd-gaming-laptop
"Dell Inspiron 13-7306 2-in-1 Core i7 11th Gen 13.3"" 4K UHD Touch Laptop","125,000",https://www.startech.com.bd/dell-inspiron-13-7306-2-in-1-core-i7-11th-gen-touch-laptop
Lenovo YOGA Slim 7i Core i7 11th Gen 14″ FHD Touch Laptop,"127,000",https://www.startech.com.bd/lenovo-yoga-slim-7i-core-i7-11th-gen-fhd-touch-laptop
"Apple MacBook Air 13.3-Inch Retina Display 8-core Apple M1 chip with 8GB RAM, 512GB SSD (MGNE3) Golden","128,000",https://www.startech.com.bd/apple-macbook-air-13-3-inch-m1-chip-laptop-golden
"Dell G3 15-3500 Core i7 10th Gen GTX 1660 6GB Graphics 15.6"" FHD Gaming Laptop","130,000",https://www.startech.com.bd/dell-g3-15-3500-core -i7-10th-gen-gaming-laptop
"Apple MacBook Air 13.3-Inch Retina Display 8-core Apple M1 chip with 8GB RAM, 512GB SSD (MGNA3) Silver","140,000",https://www.startech.com.bd/apple-macbook-air-13-3-inch-m1-chip-laptop-silver
"HP Spectre x360 Convertible 13-aw2102TU Core i5 11th Gen 13.3"" FHD Touch Laptop","140,000",https://www.startech.com.bd/hp-spectre-x360-convertible-13-aw2102tu-11th-gen-touch-laptop
"Dell Latitude 14 7410 Core i7 10th Gen 14"" FHD Laptop","140,000",https://www.startech.com.bd/dell-latitude-7410-core-i7-10th-gen-fhd-laptop
"Dell G5 15-5500 Core i7 10th Gen RTX 2060 6GB Graphics 15.6"" FHD Gaming Laptop","145,000",https://www.startech.com.bd/dell-g5-15-5500-core-i7-10th-gen-gaming-laptop
"Microsoft Surface Laptop 3 10th Gen Core i7, 16Gb, 256GB 13.3” Multi-touch #VEF-00037","151,000",https://www.startech.com.bd/microsoft-surface-i7-256-laptop-3
"ASUS TUF A15 FA506IV-R9 Ryzen 9 4900H RTX 2060 Graphics 15.6"" FHD Gaming Laptop with Windows 10","154,000",https://www.startech.com.bd/asus-tuf-a15-ryzen-9-4900h-gaming-laptop
HP OMEN 15-ek0101TX Core i7 10th Gen RTX 2060 6GB Graphics 15.6''FHD Gaming Laptop,"158,000",https://www.startech.com.bd/hp-omen-15-ek0101tx-core-i7-10th-gen-laptop
"Apple MacBook Pro 13.3-Inch Core i5-2.0GHz , 16GB RAM, 512GB SSD With Touch Bar (MWP42) Space Gray 2020","172,000",https://www.startech.com.bd/apple-macbook-pro-i5-16gb-ram-space-gray-2020
"Apple MacBook Pro 13.3-Inch Core i5-2.0GHz , 16GB RAM, 512GB SSD With Touch Bar (MWP72) Silver 2020","172,000",https://www.startech.com.bd/apple-macbook-pro-i5-16gb-ram-silver-2020
"Apple MacBook Pro 13.3-Inch Core i5-2.0GHz, 16GB RAM, 1TB SSD With Touch Bar (MWP82) Silver 2020","182,000",https://www.startech.com.bd/apple-macbook-pro-i5-16gb-ram-1tb-ssd-silver-2020
"MSI GP76 Leopard 10UE Core i7 10th Gen RTX3060 6GB Graphics 17.3"" FHD 144Hz Gaming Laptop","175,000",https://www.startech.com.bd/msi-gp76-leopard-10ue-gaming-laptop
"Asus ROG Zephyrus G14 GA401IV Ryzen 9 4900HS 32GB RAM RTX2060 Max-Q 14"" FHD Gaming Laptop","195,000",https://www.startech.com.bd/asus-rog-zephyrus-g14-ga401iv-ryzen-9-gaming-laptop
"Razer Blade Stealth 13 Core i7 10th Gen 13.3"" UHD 4K Touch Gaming Ultrabook with GTX 1650Ti Max-Q 4GB Graphics","195,000",https://www.startech.com.bd/razer-blade-stealth-13-4k-touch-gaming-ultrabook
Lenovo ThinkPad X1 Carbon Core i7 10th Gen Laptop With Genuine Windows 10 Pro,"190,000",https://www.startech.com.bd/lenovo-thinkpad-x1-carbon-core-i7-10th-gen-laptop
"Apple Macbook Pro 16-inch Retina with Touch Bar, Core i7-2.6 GHz 16GB RAM (MVVJ2) Space Gray","220,000",https://www.startech.com.bd/apple-macbook-pro-mvvj2
Apple Macbook Pro Late 2019 16-inch Retina Display with Touch Bar Core i7 Radeon Pro 4GB Graphics Space Gray (Z0XZ004RY),"240,000",https://www.startech.com.bd/apple-macbook-pro-2019-core-i7-space-gray
"Apple MacBook Pro 13.3-Inch Core i7, 32GB RAM, 1TB SSD, Touch Bar, Silver Z0Y900030 (Mid 2020)","260,000",https://www.startech.com.bd/apple-macbook-pro-13-3-2020
"Microsoft Surface Book 3 Core i7 10th Gen GTX1650 4GB Graphics 13.5″ Multi-Touch, (SLK-00001) Silver 2020","268,000",https://www.startech.com.bd/microsoft-surface-book-3-core-i7-10th-gen-multi-touch-silver
"Dell XPS 17 9700 Core i9 10th Gen 32GB RAM 1TB SSD 17.0"" 4K UHD Touch Laptop","299,000",https://www.startech.com.bd/dell-xps-17-9700-core-i9-10th-gen-laptop
"Apple MacBook Pro 13-Inch 10th Gen Core i7-2.3GHz, 32GB RAM, 2TB SSD, Touch Bar, Space Gray 2020 (MWP62LL/A)","305,000",https://www.startech.com.bd/apple-macbook-pro-i7-32gb-ram-2tb-ssd-space-gray-2020
"MSI Raider GE66 10SFS Dragonshield Limited Edition 2020 Core i9 10th Gen RTX 2070 Super 15.6"" FHD Gaming Laptop","320,000",https://www.startech.com.bd/msi-raider-ge66-10sfs-dragonshield-2020-laptop
"Razer Blade 15 Studio Edition Core i7 10th Gen 15.6"" UHD OLED 4K Touch Laptop With Quadro RTX 5000 16GB Graphics","399,000",https://www.startech.com.bd/razer-blade-15-studio-edition-touch-laptop
Microsoft Surface ARC Bluetooth Mouse,"9,000",https://www.startech.com.bd/microsoft-surface-arc-bluetooth-mouse
Microsoft Surface Go Type Cover Keyboard (Black),"10,500",https://www.startech.com.bd/microsoft-surface-go-cover-keyboard
Microsoft Surface Pro X Keyboard with Slim Pen Bundle,"35,000",https://www.startech.com.bd/microsoft-surface-pro-x-keyboard-with-slim-pen
"HP 250 G8 Core i3 10th Gen 15.6""HD Laptop with Windows 10 Home","46,000",https://www.startech.com.bd/hp-250-g8-core-i3-10th-gen-laptop
"Acer Aspire 5 A514-53-34VP Core i3 10th Gen 14"" HD Laptop","47,500",https://www.startech.com.bd/acer-aspire-5-a514-53-34vp-core-i3-10th-gen-laptop
"Dell Vostro 15 3500 Core i3 11th Gen 15.6"" FHD Laptop","50,500",https://www.startech.com.bd/dell-vostro-15-3500-laptop
"ASUS VivoBook 15 X515EA Core i3 11th Gen 15.6"" FHD Laptop","53,000",https://www.startech.com.bd/asus-vivobook-15-x515ea-core-i3-11th-gen-laptop
"HP 15s-eq1172AU AMD Ryzen 5 4500U 15.6"" FHD Laptop","56,500",https://www.startech.com.bd/hp-15s-eq1172au-ryzen-5-laptop
"HP 15s-eq1173AU AMD Ryzen 5 4500U 15.6"" FHD Laptop","56,500",https://www.startech.com.bd/hp-15s-eq1173au-ryzen-5-laptop
HP Probook 450 G7 Core i5 10th Gen 8GB RAM MX130 Graphics 15.6 Inch FHD Laptop with Windows 10,"72,500",https://www.startech.com.bd/hp-probook-450-g7-i5-10th-gen-8gb-ram-laptop
"Xiaomi Redmi Book 14 Core i7 10th Gen MX250 2GB Graphics 14"" Full HD Laptop","74,000",https://www.startech.com.bd/xiaomi-redmi-book-14-core-i7-fhd-silver-laptop
"Dell Inspiron 15 3501 Core i5 11th Gen 512GB SSD MX330 2GB Graphics 15.6"" FHD Laptop","74,500",https://www.startech.com.bd/dell-inspiron-15-3501-i5-11th-gen-512gb-ssd-laptop
HP Probook 450 G8 Core i5 11th Gen 512GB SSD 15.6 inch FHD Laptop with Win 10,"75,000",https://www.startech.com.bd/hp-probook-450-g8-i5-512gb-ssd-fhd-laptop
"HP Pavilion 13-bb0071TU  Core i5 11th Gen 13.3"" FHD Laptop","78,000",https://www.startech.com.bd/hp-pavilion-13-bb0071tu-core-i5-11th-gen-laptop
"HP Pavilion 15-eg0077TU Core i5 11th Gen 15.6"" FHD Laptop","78,000",https://www.startech.com.bd/hp-pavilion-15-eg0077tu-i5-11th-gen-laptop
"Xiaomi RedmiBook 13 Ryzen 7 4700U 13.3"" Full HD Laptop","77,000",https://www.startech.com.bd/xiaomi-redmibook-13-laptop
"MSI Modern 14 B11MO Core i5 11th Gen 14"" FHD Laptop","79,000",https://www.startech.com.bd/msi-modern-14-b11mo-i5-11th-gen-laptop
"MSI Modern 14 B11M0 Core i5 11th Gen 14"" Full HD Laptop","79,000",https://www.startech.com.bd/msi-modern-14-b11mo-laptop
"HP Pavilion 14-dv0077TX Core i5 11th Gen 14"" FHD Laptop","80,500",https://www.startech.com.bd/hp-pavilion-14-dv0077tx-laptop
"HP Pavilion 14-dv0076TX Core i5 11th Gen MX450 2GB Graphics 14"" FHD Laptop","81,000",https://www.startech.com.bd/hp-pavilion-14-dv0076tx-laptop
"Dell Latitude 3410 Core i5 10th Gen 14"" FHD Laptop with Windows 10 Pro","82,000",https://www.startech.com.bd/dell-latitude-3410-core-i5-10th-gen-laptop
"MSI Modern 14 B11M Core i7 11th Gen 14"" Full HD Laptop","84,000",https://www.startech.com.bd/msi-modern-14-b11m-laptop
HP Pavilion 15-eg0112TX Core i5 11th Gen MX450 2GB Graphics 15.6'' FHD Laptop,"84,000",https://www.startech.com.bd/hp-pavilion-15-eg0112tx-core-i5-11th-gen-laptop
"HP Probook 450 G8 Core i5 11th Gen MX450 2GB Graphics 15.6"" FHD Laptop","84,000",https://www.startech.com.bd/hp-probook-450-g8-core-i5-11th-gen-laptop
"Dell Inspiron 15 5593 Core i7 10th Gen 15.6"" FHD Laptop with Nvidia MX230 4GB Graphics","85,000",https://www.startech.com.bd/dell-inspiron-15-5593-laptop
"Dell Latitude 14-3410 Core i7 10th Gen 512GB SSD 14"" FHD Laptop","84,000",https://www.startech.com.bd/dell-latitude-14-3410-i7-laptop
"HP ProBook 440 G8 Core i7 11th Gen 14"" FHD Laptop","85,000",https://www.startech.com.bd/hp-probook-440-g8-core-i7-11th-gen-laptop
HP Probook 450 G8 Core i7 11th Gen 512GB SSD 15.6 inch FHD Laptop with Win 10,"86,000",https://www.startech.com.bd/hp-probook-450-g8-i7-512gb-ssd-fhd-laptop
"MSI Modern 15 A11SB Core i5 11th Gen MX450 2GB Graphics 15.6"" FHD Gaming Laptop","86,500",https://www.startech.com.bd/msi-modern-15-a11sb-core-i5-11th-gen-gaming-laptop
"HP ProBook x360 435 G7 Ryzen 5 4500U 13.3"" FHD Touch Laptop","87,000",https://www.startech.com.bd/hp-probook-x360-435-g7-ryzen-5-touch-laptop
"Dell Inspiron 15 3501 Core i7 11th Gen MX330 2GB Graphics 15.6"" FHD Laptop","88,000",https://www.startech.com.bd/dell-inspiron-15-3501-i7-11th-gen-laptop
"Dell Vostro 14 3400 Core i7 11th Gen MX330 2GB Graphics 14"" FHD Laptop","88,000",https://www.startech.com.bd/dell-vostro-14-3400-core-i7-laptop
"Microsoft Surface Laptop Go Core i5 10th Gen 8GB RAM 256GB SSD 12.4"" Multi Touch Display","88,000",https://www.startech.com.bd/microsoft-surface-laptop-go
Asus TUF FX506LI Core i5 10th Gen 1650Ti 4GB Graphics 15.6” FHD Gaming Laptop with Windows 10,"89,000",https://www.startech.com.bd/asus-tuf-fx506li-10th-gen-fhd-laptop
"HP Pavilion 14-dv0069TU Core i7 11th Gen 14"" FHD Laptop","89,000",https://www.startech.com.bd/hp-pavilion-14-dv0069tu-laptop
"Lenovo IdeaPad Flex 5 Ryzen 7 4700U 14"" FHD Touch Laptop","89,000",https://www.startech.com.bd/lenovo-ideapad-flex-5-fhd-laptop
"Dell Inspiron 14-5406 Core i5 11th Gen MX330 2GB Graphics 14"" FHD Laptop","90,000",https://www.startech.com.bd/dell-inspiron-14-5406-core-i5-11th-gen-laptop
Asus VivoBook 15 X513EP Core i7 11th Gen MX330 2GB Graphics 15.6” FHD Laptop,"90,800",https://www.startech.com.bd/asus-vivobook-15-x513ep-i7-11th-gen-laptop
"HP Pavilion 14-dv0070TU Core i7 11th Gen 14"" FHD Laptop","91,000",https://www.startech.com.bd/hp-pavilion-14-dv0070tu-core-i7-11th-gen-laptop
"Dell Latitude 14-3410 Core i7 10th Gen 512GB SSD 16GB RAM 14"" FHD Laptop","88,000",https://www.startech.com.bd/dell-latitude-14-3410-i7-fhd-laptop
"HP Elitebook 840 G7 Core i5 10th Gen 14.1"" FHD Laptop","92,000",https://www.startech.com.bd/hp-elitebook-840-g7-core-i5-laptop
"Lenovo IdeaPad Flex 5i Core i5 11th Gen 14"" FHD Touch Laptop with Windows 10","92,000",https://www.startech.com.bd/lenovo-ideapad-flex-5i-core-i5-11th-gen-touch-laptop
HP Pavilion 15-eg0078TU Core i7 11th Gen 15.6'' FHD Laptop,"92,800",https://www.startech.com.bd/hp-pavilion-15-eg0078tu-laptop
"HP Pavilion 13-bb0072TU Core i7 11th Gen 13.3"" FHD Laptop","93,000",https://www.startech.com.bd/hp-pavilion-13-bb0072tu-core-i7-11th-gen-laptop
"Dell Inspiron 15-5502 Core i7 11th Gen MX330 2GB Graphics 15.6"" FHD Laptop","93,000",https://www.startech.com.bd/dell-inspiron-15-5502-core-i7-11th-gen-laptop
Lenovo IdeaPad Gaming 3 Ryzen 7 4800H GTX1650 4GB Graphics 15.6” FHD Laptop,"88,000",https://www.startech.com.bd/lenovo-ideapad-gaming-3-ryzen-7-fhd-laptop
"HP Pavilion 14-dv0078TX Intel i7 11th Gen MX450 2GB Graphics 14"" FHD Laptop","95,000",https://www.startech.com.bd/hp-pavilion-14-dv0078tx-i7-11th-gen-laptop
"HP Pavilion 14-dv0079TX Core i7 11th Gen MX450 2GB Graphics 14"" FHD Laptop","95,000",https://www.startech.com.bd/hp-pavilion-14-dv0079tx-i7-11th-gen-laptop
Lenovo IdeaPad Gaming 3 15ARH05 Ryzen 5 4600H GTX1650ti 4GB Graphics 15.6” FHD Laptop,"93,000",https://www.startech.com.bd/lenovo-ideapad-gaming-3-15arh05-fhd-laptop
Lenovo IdeaPad Gaming 3 Ryzen 5 4600H GTX1650 4GB Graphics 15.6” FHD Laptop,"84,000",https://www.startech.com.bd/lenovo-ideapad-gaming-3-ryzen-5-laptop
"Apple MacBook Air 13.3-Inch 10th Gen Core i3-1.1GHz, 8GB RAM, 256GB SSD (MWTL2) Gold 2020","96,000",https://www.startech.com.bd/apple-macbook-air-i3-2020-gold
"MSI Modern 14 B11SB Core i7 11th Gen MX450 2GB Graphics 14"" Full HD Laptop","97,000",https://www.startech.com.bd/msi-modern-14-b11sb-laptop
"HP Envy 13-ba1040tu Core i5 11th Gen 13.3"" FHD Laptop","97,000",https://www.startech.com.bd/hp-envy-13-ba1040tu-core-i5-11th-gen-laptop
"MSI Modern 15 A11SB Core i7 11th Gen MX450 2GB Graphics 15.6"" FHD Gaming Laptop","97,000",https://www.startech.com.bd/msi-modern-15-a11sb-core-i7-11th-gen-gaming-laptop
"Apple MacBook Air 13.3-Inch 10th Gen Core i3-1.1GHz, 8GB RAM, 256GB SSD (MWTJ2) Space Gray 2020","97,500",https://www.startech.com.bd/apple-macbook-air-core-i3-2020
"HP Pavilion Gaming 15-ec1101AX Ryzen 5 4600H GTX 1650ti 4GB Graphics 15.6"" FHD Laptop with Win 10","98,000",https://www.startech.com.bd/hp-pavilion-gaming-15-ec1101ax-laptop
"HP Pavilion Gaming 16-a0095TX Core i5 10th Gen GTX 1650Ti 4GB Graphics 16.1"" FHD Laptop with Win 10","100,800",https://www.startech.com.bd/hp-pavilion-gaming-16-a0095tx-laptop
"MSI GS66 Stealth 10UG Core i7 10th Gen RTX3070 8GB Graphics 15.6"" FHD Gaming Laptop","298,000",https://www.startech.com.bd/msi-gs66-stealth-10ug-i7-10th-gen-gaming-laptop
"Razer Blade 15 Advanced Model Core i7 10th 15.6"" FHD Gaming Laptop With RTX 2080 SUPER Max-Q 8GB Graphics","294,000",https://www.startech.com.bd/razer-blade-15-advanced-model-gaming-laptop
"Microsoft Surface Book 3 Core i7 10th Gen GTX 1660Ti 6GB Graphics 15"" multi-touch G5, (SMV-00001) Silver","335,000",https://www.startech.com.bd/microsoft-surface-book-3-6gb-graphics-core-i7-10th-gen-multi-touch-silver
"Razer Blade 15 Advanced Model Core i7 10th  RTX 3080 16GB Graphics 15.6""  OLED 4K Touch Gaming Laptop","360,000",https://www.startech.com.bd/razer-blade-15-advanced-model-core-i7-touch-gaming-laptop
Dell Alienware M17 R4 Core i7 32GB RAM 1TB HDD 512GB SSD RTX 3080 17.3″ FHD Gaming Laptop,"375,000",https://www.startech.com.bd/dell-alienware-m17-r4-core-i7-10th-gen-gaming-laptop
"Dell Alienware AREA-51M R2 Core i9 10th Gen RTX2080 Super 8GB Graphics 17.3"" UHD Gaming Laptop","480,000",https://www.startech.com.bd/dell-alienware-area-51m-r2-i9-10th-gen-gaming-laptop
"Acer Aspire A515-44 AMD Ryzen 5 4500U 15.6"" Full HD Laptop with Genuine Windows 10",0,https://www.startech.com.bd/acer-aspire-a515-44-laptop 
"Acer Swift SF514-54T Core i7 10th Gen 14"" Full HD Laptop with Genuine Windows 10",0,https://www.startech.com.bd/acer-swift-sf514-54t-laptop
"Lenovo ThinkPad E14 Core i7 10th Gen 14"" FHD Laptop with Windows 10",0,https://www.startech.com.bd/lenovo-thinkpad-e14-core-i7-10th-gen-16gb-ram-laptop
"HP Pavilion 13-bb0069TU Core i5 11th Gen 13.3"" FHD Laptop","78,000",https://www.startech.com.bd/hp-pavilion-13-bb0069tu-11th-gen-core-i5-laptop
"Lenovo IdeaPad Flex 5 AMD Ryzen 5 4500U 14"" FHD Touch Laptop",0,https://www.startech.com.bd/lenovo-ideapad-flex-5-ryzen-5-fhd-laptop
"HP Pavilion x360 Convertible 14-dw1030TU Core i7 11th Gen 14"" FHD Touch Laptop",0,https://www.startech.com.bd/hp-pavilion-x360-convertible-14-dw1030tu-touch-laptop
"MSI Stealth 15M A11UEK Core i7 11th Gen RTX3060 6GB Graphics 15.6"" FHD Gaming Laptop",0,https://www.startech.com.bd/msi-stealth-15m-a11uek-i7-11th-gen-gaming-laptop
"Dell Inspiron 13 5301 Core i7 11th Gen MX350 2GB Graphics 13.3"" FHD Laptop",0,https://www.startech.com.bd/dell-inspiron-13-5301-core-i7-laptop
"Dell Inspiron 14 7400 Core i5 11th Gen MX350 2GB Graphics 14.5"" QHD Laptop",0,https://www.startech.com.bd/dell-Inspiron-14-7400-core-i5-11th-gen-laptop
"Dell Inspiron 14 7400 Core i7 11th Gen MX350 2GB Graphics 14.5"" QHD Laptop",0,https://www.startech.com.bd/dell-Inspiron-14-7400-core-i7-11th-gen-laptop
"Lenovo ThinkPad E14 Core i5 10th Gen 512GB SSD 14"" FHD Laptop ",0,https://www.startech.com.bd/lenovo-thinkpad-e14-core-i5-512gb-ssd-laptop
"HP Pavilion 14-dv0065TU Core i3 11th Gen 14"" FHD Laptop",0,https://www.startech.com.bd/hp-pavilion-14-dv0065tu-laptop
"HP ProBook 440 G8 Core i5 11th Gen 14"" HD Laptop","71,000",https://www.startech.com.bd/hp-probook-440-g8-core-i5-11th-gen-laptop
Lenovo Legion 5 Pro Ryzen 7 5800H RTX3060 6GB Graphics 1TB SSD 16″ QHD Gaming Laptop,0,https://www.startech.com.bd/lenovo-legion-5-pro-ryzen-7-gaming-laptop
Lenovo Legion 5 Pro Ryzen 7 5800H RTX 3070 8GB Graphics 1TB SSD 16″ QHD Gaming Laptop,0,https://www.startech.com.bd/lenovo-legion-5-pro-8gb-graphics-ryzen-7-gaming-laptop
"Lenovo V15 Core i3 10th Gen 15.6"" HD Laptop",0,https://www.startech.com.bd/lenovo-v15-core-i3-10th-gen-laptop
Lenovo ThinkPad L14 Core i5 10th Gen Laptop,0,https://www.startech.com.bd/lenovo-thinkpad-l14-core-i5-10th-gen-laptop
HP 15s-DU2061TU Core i3 10th Gen 15.6'' FHD Laptop with Windows 10,"49,500",https://www.startech.com.bd/hp-15s-du2061tu-core-i3-fhd-laptop
"HP 15s-du3026TU Core i7 11th Gen 15.6"" FHD Laptop","82,000",https://www.startech.com.bd/hp-15s-du3026tu-core-i7-11th-gen-laptop
"HP Pavilion 13-bb0073TU Core i7 11th Gen 13.3"" FHD Laptop","93,000",https://www.startech.com.bd/hp-pavilion-13-bb0073tu-core-i7-11th-gen-laptop
Lenovo IdeaPad Gaming 3 Ryzen 7 4800H GTX1650ti 4GB Graphics 15.6” FHD Laptop,"102,000",https://www.startech.com.bd/lenovo-ideapad-gaming-3-ryzen-7-laptop
"Acer Nitro 5 Ryzen 5 5600H 512GB SSD GTX1650 4GB Graphics 15.6"" FHD 144Hz Gaming Laptop","99,000",https://www.startech.com.bd/acer-nitro-5-ryzen-5-4gb-graphics-fhd-gaming-laptop
"MSI Summit E13 Flip Core i7 11th Gen 1TB SSD 13.4"" FHD Touch Laptop with Active Pen","190,000",https://www.startech.com.bd/msi-summit-e13-flip-core-i7-11th-gen-laptop
"Apple MacBook Pro 13.3-Inch Retina Display 8-core Apple M1 chip with 16GB RAM, 1TB SSD Space Gray","215,000",https://www.startech.com.bd/apple-macbook-pro-13-3-inch-8-core-m1-chip-1tb-ssd-laptop
Dell Alienware M15 R3 Core i7 10th Gen RTX2070 Super 8GB Graphics Gaming 15.6 FHD Laptop,"250,000",https://www.startech.com.bd/dell-alienware-m15-r3-gaming-laptop
"MSI Raider GE66 11UG Core i9 11th Gen RTX3070 8GB Graphics 15.6"" FHD 300Hz Gaming Laptop","290,000",https://www.startech.com.bd/msi-raider-ge66-11ug-core-i9-11th-gen-gaming-laptop
"Asus VivoBook S14 S433EA 11th Gen Core i7 14"" FHD Laptop with Windows 10","94,000",https://www.startech.com.bd/asus-vivobook-s433ea-11th-gen-laptop
"HP 15s-du1027TX Core i7 10th Gen NVIDIA MX130 Graphics 15.6"" Full HD Laptop with Windows 10",0,https://www.startech.com.bd/hp-15s-du1027tx-i7-10th-gen-fhd-laptop
"HP 15s-fq1073TU Core i5 10th Gen 15.6"" Full HD Laptop",0,https://www.startech.com.bd/hp-15s-fq1073tu-core-i5-10th-gen-laptop
"Asus VivoBook S14 S433EA Core i7 11th Gen 14"" FHD Laptop","94,000",https://www.startech.com.bd/asus-vivobook-s14-s433ea-11th-gen-laptop
"I-Life Zed Air Plus Celeron Dual Core 15.6"" Full HD Laptop","24,500",https://www.startech.com.bd/i-life-zed-air-plus-laptop
Chuwi HeroBook Pro Intel Celeron N4000 14.1 inch Full HD Laptop with Windows 10,"25,700",https://www.startech.com.bd/chuwi-herobook-pro-intel-celeron-n4000-laptop
I-Life Zed Air H3 Pentium Quad Core 15.6'' FHD Laptop With Windows 10,"26,000",https://www.startech.com.bd/ilife-zed-air-h3-pentium-quad-core-laptop-windows-10
Walton Prelude N41 Intel N4100 13.3” FHD Laptop with Windows 10,"26,500",https://www.startech.com.bd/walton-prelude-n41-intel-n4100-fhd-laptop
"i-Life Zed Air CX3 Core i3 15.6"" Laptop with Free DOS","29,500",https://www.startech.com.bd/i-life-zed-air-cx3-laptop
"i-Life Zed Air CX3 Core i3 5th Gen 15.6"" Full HD Laptop with Windows 10","32,500",https://www.startech.com.bd/i-life-zed-air-cx3-i3-5th-gen-laptop
"i-Life Zed Air CX3 Core i3 5th Gen, 8GB RAM, 15.6"" Full HD Laptop","32,500",https://www.startech.com.bd/i-life-zed-air-cx3-i3-5th-gen-8gb-ram-laptop
"Dell Inspiron 15-3583 Celeron 4205U 15.6"" HD Laptop","34,000",https://www.startech.com.bd/dell-inspiron-15-3583-celeron-hd-laptop
"Walton TAMARIND ZX3700 Core i3 7th Gen 14"" HD Laptop","36,550",https://www.startech.com.bd/walton-tamarind-zx3700-core-i3-laptop
"Walton PASSION BX3700A Core i3 7th Gen 14"" HD Laptop","38,550",https://www.startech.com.bd/walton-passion-bx3700a-core-i3-laptop
"Dell Inspiron 15 3505 Athlon Silver 3050U 15.6"" HD Laptop","39,000",https://www.startech.com.bd/dell-inspiron-15-3505-athlon-silver-laptop
"Chuwi CoreBook Pro Core i3 6th Gen 13"" 2k Laptop","39,900",https://www.startech.com.bd/chuwi-corebook-pro-core-i3-6th-gen-laptop
"Acer Aspire 5 A514-54 11th Gen Core i5 14"" FHD Laptop","73,000",https://www.startech.com.bd/acer-aspire-5-a514-54-11th-gen-laptop
"Asus VivoBook 15 X512JP Core i5 10th Gen MX330 2GB Graphics 15.6"" FHD Laptop","73,000",https://www.startech.com.bd/asus-vivobook-15-x512jp-core-i5-10th-gen-laptop
"Dell Vostro 14 5402 Core i5 11th Gen 14"" FHD Laptop","73,000",https://www.startech.com.bd/dell-vostro-14-5402-laptop
"ASUS VivoBook 14 K413EA Core i5 11th Gen 14"" FHD Laptop","73,000",https://www.startech.com.bd/asus-vivobook-14-k413ea-core-i5-11th-gen-laptop
"Lenovo V14-IIL Core i7 10th Gen 14"" FHD Laptop","73,000",https://www.startech.com.bd/lenovo-v14-iil-core-i7-10th-gen-laptop
"HP Pavilion 14-dv0068TU Core i5 11th Gen 14"" FHD Laptop","74,500",https://www.startech.com.bd/hp-pavilion-14-dv0068tu-laptop
"Avita Liber V14 Ryzen 7 3700U 14"" FHD Laptop","73,990",https://www.startech.com.bd/avita-liber-v14-ryzen-7-laptop
"Avita Liber V14 Ryzen 7 3700U 14"" FHD Laptop Anchor Grey","73,990",https://www.startech.com.bd/avita-liber-v14-ryzen-7-laptop-anchor-grey
Chuwi Hi10 Air Intel X5 Z8350 10.1-inch Touch Tablet & Notebook,"22,900",https://www.startech.com.bd/chuwi-hi10-air-touch-tablet-and-notebook
"Lenovo IdeaPad 330S Core i7 8th Gen 14"" FHD Laptop","74,000",https://www.startech.com.bd/lenovo-ideapad-330s-core-i7-laptop
"Asus VivoBook S15 M533UA Ryzen 5 5500U 15.6"" FHD Laptop","74,000",https://www.startech.com.bd/asus-vivobook-s15-m533ua-ryzen-5-laptop
"HP Pavilion 14-dv0066TU Core i5 11th Gen 14"" FHD Laptop","75,000",https://www.startech.com.bd/hp-pavilion-14-dv0066tu-laptop
"Chuwi Hi10 X Touch Screen 2 in 1 Tablet & Notebook, 6GB RAM, 128GB SSD","28,500",https://www.startech.com.bd/chuwi-hi10-x-touch-screen-2-in-1-notebook
"Dell Latitude 3410 Core i5 10th Gen 512SSD 14"" FHD Laptop","75,000",https://www.startech.com.bd/dell-latitude-3410-core-i5-laptop
Xiaomi Redmi Book 14 Ryzen 5 4500U 16GB RAM 14” FHD Laptop,"75,000",https://www.startech.com.bd/xiaomi-redmi-book-14-ryzen-5-16gb-ram-laptop
"Acer Swift SF314-42 AMD Ryzen 5 4500U 14"" Full HD Laptop with Genuine Windows 10","76,000",https://www.startech.com.bd/acer-swift-sf314-42-laptop
"AVITA LIBER NS13A2 Core i7 8th Gen 13.3"" Full HD Ornament on Gold Color Laptop with Windows 10","76,500",https://www.startech.com.bd/avita-liber-ns13a2-i7-laptop
"AVITA LIBER NS13A2 Core i7 8th Gen 13.3"" Full HD Iris on Ruby Color Laptop with Windows 10","76,500",https://www.startech.com.bd/avita-liber-ns13a2-i7-iris-on-ruby-laptop
"AVITA LIBER NS13A2 Core i7 8th Gen 13.3"" Full HD Space Grey Color Laptop with Windows 10","76,500",https://www.startech.com.bd/avita-liber-ns13a2-i7-space-grey-laptop
"Chuwi UBook Pro 2 in 1 Tablet & Notebook, 12.3 inch Touch Screen, 8GB Ram, 256GB SSD","52,500",https://www.startech.com.bd/chuwi-ubook-pro-2-in-1-tablet-and-notebook
"AVITA LIBER NS13A2 Core i7 8th Gen 13.3"" Full HD Champagne Gold Color Laptop with Windows 10","76,500",https://www.startech.com.bd/avita-liber-ns13a2-i7-champagne-gold-laptop
"AVITA LIBER NS13A2 Core i7 8th Gen 13.3"" Full HD Matt Black Color Laptop with Windows 10","76,500",https://www.startech.com.bd/avita-liber-ns13a2-i7-matt-black-laptop
Xiaomi Redmi Book 14 Ryzen 7 3700U 16GB RAM 14” FHD Laptop,"77,000",https://www.startech.com.bd/xiaomi-redmi-book-14-ryzen-7-laptop
"Acer Aspire 5 A514-54G Core i5 11th Gen MX350 2GB Graphics 14"" FHD Laptop","77,000",https://www.startech.com.bd/acer-aspire-5-a514-54g-i5-11th-gen-laptop
"Asus VivoBook S14 S433EA Core i5 11th Gen 14"" FHD Laptop","78,000",https://www.startech.com.bd/asus-vivobook-s14-s433ea-core-i5-laptop
"Dell Inspiron 15-5502 Core i5 11th Gen 15.6"" FHD Laptop","77,000",https://www.startech.com.bd/dell-inspiron-15-core-i5-11th-gen-laptop
Asus VivoBook S15 S533EA Core i5 11th Gen 15.6” FHD Laptop with Windows 10,"78,000",https://www.startech.com.bd/asus-vivobook-s15-s533ea-core-i5-11th-gen-laptop
Acer Swift SF314-57 Intel Core i5 10th Gen 14'' FHD Laptop with Genuine Windows 10,"79,500",https://www.startech.com.bd/acer-swift-sf314-57-laptop
"Asus VivoBook S14 S433JQ Core i5 10th Gen MX350 2GB Graphics 14"" FHD Laptop","81,000",https://www.startech.com.bd/asus-vivobook-s14-s433jq-i5-10th-gen-laptop
"Asus VivoBook S14 S433JQ 10th Gen Core i5 MX350 2GB Graphics 14"" FHD Laptop","81,000",https://www.startech.com.bd/asus-vivobook-s14-s433jq-core-i5-10th-gen-laptop
"Microsoft Surface Pro 7 10th Gen Core i5 128GB SSD 12.3"" Touch Display Notebook with Type Cover Keyboard (QWU-00001)","110,000",https://www.startech.com.bd/microsoft-surface-pro-7-core-i5-128gb-ssd-notebook
"Lenovo IdeaPad Slim 3i Core i7 10th Gen MX330 2GB Graphics 15.6"" FHD Laptop","81,000",https://www.startech.com.bd/lenovo-ideapad-slim-3i-core-i7-mx330-laptop
Microsoft Surface Pro 7 10th Gen Core i5 8GB Ram 256GB SSD Touch Platinum Notebook with Win 10,"115,000",https://www.startech.com.bd/microsoft-surface-pro-7-10th-gen-core-i5-notebook
"Dell Latitude 14 3410 Core i7 10th Gen 14"" FHD Laptop","84,000",https://www.startech.com.bd/dell-latitude-3410-core-i7-10th-gen-fhd-laptop
"Microsoft Surface Pro 7 Core i7 10th Gen 16GB Ram 256GB SSD 12.3"" Multi-Touch Display","155,000",https://www.startech.com.bd/microsoft-surface-pro-7-laptop
"Dell Insprion 14 5402 Core i5 11th Gen MX330 2GB Graphics 14"" FHD Laptop","82,000",https://www.startech.com.bd/dell-insprion-14-5402-core-i5-11th-gen-laptop
"Acer Swift SF314-43 Ryzen 5 5500U 14"" Full HD Laptop","81,000",https://www.startech.com.bd/acer-swift-sf314-43-ryzen-5-laptop
Lenovo IdeaPad Slim 5i Core i5 11th Gen 128GB SSD 15.6″ FHD Laptop,"81,500",https://www.startech.com.bd/lenovo-ideapad-slim-5i-core-i5-laptop
"Asus TUF Gaming F15 FX506LH Core i5 GTX 1650 4GB Graphics 15.6"" FHD Gaming Laptop","83,000",https://www.startech.com.bd/asus-tuf-gaming-f15-fx506lh-core-i5-laptop
"Lenovo IdeaPad Slim 3i Core i7 10th Gen 256GB SSD MX330 2GB Graphics 15.6"" FHD Laptop","83,500",https://www.startech.com.bd/lenovo-ideapad-slim-3i-core-i7-10th-gen-mx330-laptop
"Dell Vostro 14 5402 Core i5 11th Gen MX330 2GB Graphics 14"" FHD Laptop","83,500",https://www.startech.com.bd/dell-vostro-14-5402-core-i5-laptop
Asus VivoBook S15 S533EQ Core i5 11th Gen MX350 2GB Graphics 15.6” FHD Laptop,"84,000",https://www.startech.com.bd/asus-vivobook-s15-s533eq-core-i5-11th-gen-laptop
Lenovo IdeaPad Slim 5i Core i5 11th Gen 256GB SSD 15.6″ FHD Laptop,"84,500",https://www.startech.com.bd/lenovo-ideapad-slim-5i-core-i5-fhd-laptop
"Dell Inspiron 13 5301 Core i5 11th Gen MX350 2GB Graphics 13.3"" FHD Laptop","87,000",https://www.startech.com.bd/dell-inspiron-13-5301-core-i5-laptop
"ASUS VivoBook 14 K413EA Core i7 11th Gen 14"" FHD Laptop","88,000",https://www.startech.com.bd/asus-vivobook-14-k413ea-core-i7-11th-gen-laptop
"Avita Admiror Core i5 10th Gen 14"" Full HD Laptop Blazing Brown","87,500",https://www.startech.com.bd/avita-admiror-core-i5-10th-gen-laptop
"Avita Admiror Core i5 10th Gen 14"" Full HD Laptop Delight Pink","87,500",https://www.startech.com.bd/avita-admiror-i5-10th-gen-laptop
"Avita Admiror Core i5 10th Gen 14"" Full HD Laptop Flaming Copper","87,500",https://www.startech.com.bd/avita-admiror-10th-gen-core-i5-laptop
